:020000040801F1
:1010000030300020C9110108651C0108611B01086E
:10101000611C01081919010885230108000000005E
:101020000000000000000000000000000B2101088B
:101030001D19010800000000E1200108ED11010860
:10104000E3110108E3110108E3110108E3110108AC
:10105000E3110108E311010821190108E311010856
:10106000E3110108E3110108E3110108E31101088C
:10107000E3110108E3110108E3110108E31101087C
:10108000E3110108E3110108E3110108E31101086C
:10109000E3110108E3110108E3110108E31101085C
:1010A000E3110108E3110108E3110108E31101084C
:1010B000E3110108E3110108E3110108E31101083C
:1010C000E3110108E3110108E3110108E31101082C
:1010D000E31101089D220108352301083D23010881
:1010E000E3110108E5200108E3110108E3110108FB
:1010F000E3110108E3110108E3110108E3110108FC
:10110000E311010803210108E3110108E3110108BB
:10111000E3110108E3110108E31101089522010818
:10112000E3110108E3110108E3110108E3110108CB
:10113000E3110108E3110108E3110108E3110108BB
:10114000E3110108E3110108E3110108E3110108AB
:10115000E3110108E3110108E3110108E31101089B
:10116000E3110108E3110108E3110108E31101088B
:10117000E3110108E3110108E31101080000000078
:10118000E3110108E3110108E3110108E31101086B
:10119000E3110108E3110108E31101080000000058
:1011A000E3110108E3110108E3110108DFF814D08D
:1011B00000F0B8FA00F094F800480047056B010809
:1011C000AFF30080303000200648804706480047D3
:1011D000FEE7FEE7FEE7FEE7FEE7FEE7FEE7FEE7E7
:1011E000FEE7FEE719210108AD11010830B410B582
:1011F0000348804730BCAE4630BC02480047000080
:101200009D7201080F21010800BF70472DE9F041D0
:101210000024061B254671F1000605DA012400278B
:10122000D0EB070067EB0101161E73F1000605DA2B
:101230000027D2EB0702012567EB030300F089F8D2
:1012400086460E4617469C46AC4204D00025D0EB9D
:10125000050E65EB010624B10020D2EB000760EB20
:10126000030C704631463A466346BDE8F08140EAD9
:1012700001039B0703D009E008C9121F08C0042A14
:10128000FAD203E011F8013B00F8013B521EF9D2FB
:101290007047D2B201E000F8012B491EFBD2704723
:1012A0000022F6E710B513460A4604461946FFF732
:1012B000F0FF204610BD421C10F8011B0029FBD195
:1012C000801A704730B504460020034600E05B1CDE
:1012D000934203D2E05CCD5C401BF8D030BD0000EF
:1012E00070B5054C054D03E0206820448047241D5F
:1012F000AC42F9D170BD00005CCC010860CC0108A3
:1013000000F0004230F000400AD0C10D01F56071DC
:10131000C0F3160042EA0151C2084007114370476A
:1013200000200146704730B50B46014600202022C0
:10133000012409E021FA02F59D4205D303FA02F5E2
:10134000491B04FA02F52844151EA2F10102F1DC42
:1013500030BD2DE9F05F0546002092469B46884649
:101360000646814640241BE0284641464746224621
:1013700000F0F9F953465A46C01A914110D311466C
:101380001846224600F0E0F92D1A67EB01084F4697
:1013900022460120002100F0D7F917EB00094E4149
:1013A000201EA4F10104DFDC484631462A464346AC
:1013B000BDE8F09F2DE9FE4F804681EA0300C00F93
:1013C0000C46009021F0004123F00045B8EB0200EC
:1013D000A94105D24046214690461C460B4602468E
:1013E00023F00040104347D0270DC7F30A00C3F392
:1013F0000A510290401A019040286BDAC3F313009F
:1014000040F4801B0098924620B10023D2EB030ADF
:1014100063EB0B0B01985946C0F14002504600F0B7
:1014200093F906460D4650465946019A00F0ABF92D
:1014300010EB08006141002487EA115284EAE77347
:101440001A4340D0009A62B3019A012A4FEA075228
:1014500015DC001B61EB02014FF0004202EA07526B
:10146000CDE90042001C41F5801132462B4600F0C8
:10147000ABF903B0BDE8F08F40462146F9E7001B09
:1014800061EB0201001C41F5801300185B4120183C
:10149000A2F5001747EB030140EAD570B6196D417C
:1014A00011E06D084FEA360645EAC0754FEA07526B
:1014B000001B61EB0201001C41F5801149084FEA55
:1014C00030000019514132462B4603B0BDE8F04FC1
:1014D00000F06BB90098012240000023D0EB02021B
:1014E00063EBE073009821464FEAE074B8EB00002C
:1014F00061EB0401E9E783F000435BE781F0004121
:1015000058E72DE9FE4F81EA030404F0004421F07E
:10151000004100944FF0000B23F0004350EA010417
:101520005ED052EA03045BD0C3F30A54C1F30A55F8
:101530002C44A4F2F3340194A0FB0254C1F3130130
:1015400041F48011C3F3130343F4801301FB0244FD
:1015500000FB034E840A970A44EA815447EA835702
:10156000A4FB076802958D0A05FB07854FEA932CBB
:1015700004FB0C542705029D4FEA065847EA16372C
:10158000B5EB08056EEB070C870E920E47EA811744
:1015900042EA8312A7FB0201B6EB0B0164EB0004E5
:1015A0002B0D43EA0C335E1844EB1C50DA465146CF
:1015B000E7FB0201C5F313044FEA0B3343EA14536C
:1015C0004FEA0432019C43EA0603A4F10C0402949E
:1015D000009CCDE900B400F0F7F803B0BDE8F08F4F
:1015E00000200146F9E72DE9F04D81EA030404F0FB
:1015F000004B21F0004514464FF0000A23F0004153
:1016000050EA050220D054EA01021DD0C5F30A5762
:101610000246C5F31303C1F31300C1F30A5640F4A5
:10162000801543F48013A7EB0608101BD64608F27A
:10163000FD3873EB050002D308F1010801E09218B0
:101640005B41B8F1000F03DA00200146BDE8F08DE0
:1016500000204FF48011064684460EE0171B73EB02
:10166000050705D3121B63EB050306434CEA010C87
:1016700049084FEA300092185B4150EA0107EDD16A
:1016800052EA030012D082EA040083EA050108430B
:1016900005D0101BAB4106D20122002306E0002238
:1016A0004FF0004302E06FF0010253101AEB060006
:1016B0004CEB085110EB0A0041EB0B01BDE8F04D7B
:1016C00000F073B8C1F30A52C1F3130140F2FF33C3
:1016D00041F480119A4202DA00200146704740F23C
:1016E00033439A42A2F2334202DC524200F03BB84A
:1016F00000F02AB830B5041E71F1000404DB4FF08D
:101700000044404264EB0101141E73F1000405DB48
:101710001C464FF00043524263EB0403994208BF5A
:10172000904230BD064C074D06E0E06840F00103F2
:1017300094E8070098471034AC42F6D3FFF73AFD1F
:101740003CCC01085CCC0108202A04DB203A00FADA
:1017500002F1002070479140C2F1200320FA03F308
:10176000194390407047202A04DB203A21FA02F006
:101770000021704721FA02F3D040C2F120029140CB
:10178000084319467047202A06DBCB17203A41FA56
:1017900002F043EAE07306E041FA02F3D040C2F1FE
:1017A0002002914008431946704710B5141E73F18A
:1017B000000408DA401C41F1000192185B411A4311
:1017C00001D120F0010010BD2DE9F04D92469B465D
:1017D00011B1B1FA81F202E0B0FA80F22032904603
:1017E000FFF7B2FF04460F4640EA0A0041EA0B0148
:1017F00053465A46084313D0114653EA010019D004
:10180000C8F140025046FFF7AEFF05460E4650466F
:1018100059464246FFF798FF084305D0012004E0EF
:1018200020463946BDE8F08D0020054346EAE076C3
:101830002C4337430A986305E40AA0EB0800002212
:10184000FD0A44EA47540A3002D500200146E9E780
:10185000010510196941DDE9084500196941BDE834
:10186000F04DA2E770B58C1810F8015B15F0070376
:1018700001D110F8013B2A1106D110F8012B03E029
:1018800010F8016B01F8016B5B1EF9D12B0705D431
:101890000023521E0DD401F8013BFAE710F8013B7A
:1018A000CB1A921C03E013F8015B01F8015B521E96
:1018B000F9D5A142D8D3002070BD000007281AD264
:1018C000DFE800F004070A0D101316009FED0B0A65
:1018D00070479FED0B0AFBE79FED0A0AF8E79FEDC3
:1018E0000A0AF5E79FED090AF2E79FED090AEFE71B
:1018F0009FED080AECE79FED030AE9E7A69BC440C9
:101900006F1283406F1203406F12833F6F12033FC9
:101910006F12833E6F12833D00BFFEE700BFFEE7FC
:1019200010B5012004F09AF910B1012004F090F9EB
:1019300010BD000070B52DED028B05460C469FEDE5
:101940002C0AB0EE408A2B48008865F343002949F1
:1019500008800846008864F3061008800978C907E3
:10196000090C244A1278C2F3420241EA0231214AA8
:101970001278C2F3021241EA42211E4A1278C2F3DF
:10198000C01241EA02211B4A1288C2F3022241EA34
:101990004211184A1288C2F3C02241EA0211154AC4
:1019A0001288C2F3003241EAC201124A1288C2F31D
:1019B000413241EA42010F4A128841EAD23008F02E
:1019C00079FE06462046FFF779FF30B200EE900A16
:1019D000F8EEE00A20EE200ADFED070A80EE201A7A
:1019E000B0EE418AB0EE480ABDEC028B70BD00003B
:1019F000000000001C0000200000004710B5534804
:101A0000008820F00100514908800846008820F035
:101A10000E00083008800846008820F07000203052
:101A200008800846008820F080000880084600886A
:101A300020F4E06000F5007008800846008820F47B
:101A4000006008800846008820F4805000F580502F
:101A500008800846008820F4C04000F50050088047
:101A60000846008820F4004000F50040088038480F
:101A700008F054FC35490978C907090C334A127833
:101A8000C2F3420241EA0231304A1278C2F3021232
:101A900041EA42212D4A1278C2F3C01241EA0221E2
:101AA0002A4A1288C2F3022241EA4211274A1288C6
:101AB000C2F3C02241EA0211244A1288C2F3003262
:101AC00041EAC201214A1288C2F3413241EA42018D
:101AD0001E4A128841EAD23008F0ECFD1B4800781B
:101AE000C007000C19490978C1F3420140EA0130EE
:101AF00016490978C1F3021140EA412013490978D7
:101B0000C1F3C01140EA012010490988C1F3022144
:101B100040EA41100D490988C1F3C02140EA011093
:101B20000A490988C1F3003140EAC1000749098820
:101B3000C1F3413140EA41000449098840EAD13209
:101B400004A1064805F0FAF910BD00001C000020B1
:101B50000030014030782534580D0A000010014053
:101B600000BFFEE710B54FF4407300220121394851
:101B700004F019FE4FF4407302220021354804F0AE
:101B800039FE4FF44071334804F0C7FD0A2002F0DB
:101B90002BFE002411E04FF480712E4804F0BBFDB1
:101BA000052002F021FE4FF480712A4804F0B5FDB3
:101BB000052002F019FE601CC4B2092CEBDB4FF4C7
:101BC0008071244804F0A9FD4FF40071214804F00D
:101BD000A2FD052002F008FE4FF400711D4804F03C
:101BE0009CFD052002F000FE4FF40073012202214B
:101BF000184804F0D8FD4FF4007302220121154863
:101C000004F0F8FD4FF4807301220221114804F022
:101C1000CAFD4FF48073022201210E4804F0EAFD50
:101C20000D4804F083FE00220C490B4804F00CFE22
:101C3000722300221146084804F0DEFE064804F034
:101C4000A9FE4FF48061044804F0F5FD0A2002F07B
:101C5000CBFD10BD0004024000540040801A060075
:101C600000BFFEE700BFFEE770B5002415E004F1F9
:101C7000B001C8B200F0B4F8002000F0B1F81020B4
:101C800000F0AEF8002504E0002000F069F9681CBF
:101C9000C5B2802DF8DB601CC4B2042CE7DB70BD3C
:101CA00010B5642002F0A0FD01200C49087000244A
:101CB00009E00B49085D00F093F80848007800B986
:101CC00010BD601CC4B2162CF3D3FFF7CDFF00216A
:101CD000084600F007F800BFF2E700001E000020F1
:101CE0001F00002070B504460D4605F1B001C8B2D2
:101CF00000F076F8102141EA141000F071F804F0B9
:101D00000F0000F06DF870BD2DE9F04707460E4654
:101D10009046994600250024A8F12000C5B27F2FE7
:101D200002DD0027701CC6B2B9F1100F22D1314676
:101D30003846FFF7D7FF002407E004EB0511174AE8
:101D4000505C00F00DF9601CC4B2082CF5DB701C6F
:101D5000C1B23846FFF7C6FF002408E004EB0511C6
:101D600008310E4A505C00F0FBF8601CC4B2082C2D
:101D7000F4DB11E031463846FFF7B4FF002409E0F8
:101D800005EB4501064A02EB4101085D00F0E8F869
:101D9000601CC4B2062CF3DBBDE8F087E4BA01088E
:101DA000BCB801082DE9F04104460F461546984697
:101DB00000260FE0AA5D434639462046FFF7A4FF00
:101DC00004F10800C4B2782C02DD0024B81CC7B2AC
:101DD000701CC6B2A85D0028ECD1BDE8F0810000FF
:101DE00070B5054642F210745848007800B970BDCD
:101DF0000020574908700846457040F20161554877
:101E000004F0E1FD08B1FFF7ADFE02E0012002F0B1
:101E1000EBFC40F201614F4804F0D5FD10B1601EAB
:101E2000041EF3D194B9FFF79DFE42F2107402E054
:101E3000012002F0D9FC40F20161464804F0C3FDE4
:101E400010B1601E041EF3D104B9D0E7414804F07C
:101E5000E1FD414A4FF4A0613E4805F0B2F928B9CE
:101E6000FFF780FE002039490870C0E76FF00102DB
:101E70007821384804F0B6FD374805F06DF968B9A7
:101E8000344804F0CCFD42F21071324805F0ABF951
:101E9000FFF768FE00202D490870A8E740F20151C5
:101EA0002C4804F07CFD2C4A40F20751294805F0EB
:101EB00088F928B9FFF756FE00202449087096E7F4
:101EC000234B00220621254803F06FF80222062149
:101ED000224803F09FFA4FF400611E4804F052FDBF
:101EE00006211E4802F065FF1B4A06211B4805F02B
:101EF00055F968B90621194802F04BFF0021154831
:101F000004F040FDFFF72EFE0020104908706EE738
:101F100020220621114802F0E2FF06210F4802F0BC
:101F200038FF00210B4804F02DFD0A4804F077FD2E
:101F30000949084805F057F928B9FFF713FE0020B2
:101F40000249087053E700BF51E700001E0000205F
:101F50000400002000540040A08601000060024000
:101F600070B5054642F210745848007800B970BD4B
:101F70004020574908700846457040F201615548B5
:101F800004F021FD08B1FFF7EDFD02E0012002F0B1
:101F90002BFC40F201614F4804F015FD10B1601EAA
:101FA000041EF3D194B9FFF7DDFD42F2107402E094
:101FB000012002F019FC40F20161464804F003FDE3
:101FC00010B1601E041EF3D104B9D0E7414804F0FB
:101FD00021FD414A4FF4A0613E4805F0F2F828B9CE
:101FE000FFF7C0FD002039490870C0E76FF001021B
:101FF0007821384804F0F6FC374805F0ADF868B9A8
:10200000344804F00CFD42F21071324805F0EBF850
:10201000FFF7A8FD00202D490870A8E740F2015104
:102020002C4804F0BCFC2C4A40F20751294805F02A
:10203000C8F828B9FFF796FD00202449087096E7F4
:10204000234B00220621254802F0AFFF0222062181
:10205000224803F0DFF94FF400611E4804F092FCBF
:1020600006211E4802F0A5FE1B4A06211B4805F06A
:1020700095F868B90621194802F08BFE0021154831
:1020800004F080FCFFF76EFD0020104908706EE739
:1020900020220621114802F022FF06210F4802F0FB
:1020A00078FE00210B4804F06DFC0A4804F0B7FCF0
:1020B0000949084805F097F828B9FFF753FD0020B3
:1020C0000249087053E700BF51E700001E000020DE
:1020D0000600002000540040A0860100006002407D
:1020E00000BFFEE710B54FF4807006F0DFF818B1BE
:1020F0004FF4807006F0D2F84FF4003003F0A8FDE2
:1021000010BD10B507F0A6FA10BD00BFFEE710B570
:1021100002F05EFB10BD00001CB55A48006840F498
:102120007000584908605848006840F0010056495E
:10213000086000BF5448006800F002000028F9D091
:1021400051480830006800F00C0008286ED100BF2C
:102150000020019002E00198401C01900198502855
:10216000F9D34948083000680090009820F0F0004A
:102170000090009840F0800000904349083100989A
:1021800008600020019002E00198401C0190019835
:102190005028F9D33C48083000680090009820F09F
:1021A000F0000090009840F090000090364908310F
:1021B000009808600020019002E00198401C019006
:1021C00001985028F9D330480830006800900098F2
:1021D00020F0F0000090009840F0A00000902A4904
:1021E0000831009808600020019002E00198401C2E
:1021F000019001985028F9D32348083000680090D6
:10220000009820F0F0000090009840F0B00000909E
:102210001D490831009808600020019002E00198F3
:10222000401C019001985028F9D300BFC82000F04D
:10223000A1FD15480830006820F00300124908315C
:10224000086011480068114908400F4908600846B5
:10225000006820F48020086000200B4908310860E5
:1022600000BF09480830006800200028F9D108485C
:102270000549091D0860002003490C31086008F079
:1022800075FD1CBD88ED00E000380240FFFFF6FE42
:102290001030002410B504F07FFD10BD70B51F494B
:1022A0001F4809F079F8002837D01D4808F0BEFF14
:1022B00002211C4802F06DFD02211A4803F0B2F819
:1022C000C0F50074ACB1B4F5007F12D82546B5F561
:1022D000007F01D340F2FF154FF400711248FEF762
:1022E000DFFF2A4611491048FEF7C1FF01201049BF
:1022F00008704FF400710D48FEF7D2FF2022022132
:10230000084802F0ECFD4FF400720221054803F08A
:1023100081F80221034802F04CFD70BD0403040063
:1023200000100140006402408407002004030020E4
:102330006A01002010B504F013FD10BD10B50E4960
:102340000E4809F029F8A8B10C4808F06FFF0121E8
:102350000B4802F01EFD20220121094802F0BFFDBA
:102360004FF480720121064803F054F8012104481B
:1023700002F01FFD10BD00000403040000480040EF
:102380000060024000BFFEE70FB4084B10B504A97F
:1023900002AA039800F060F9044602A9002000F0A8
:1023A000F7FC204610BC5DF814FB0000912D0108DD
:1023B0007CB50C001D461646014601D0601E00E0AB
:1023C0000020CDE90010064B6A462946304600F051
:1023D00043F9002C02D0009A002111707CBD00004E
:1023E0005F2D010810B5002804DB0A07130E054A0B
:1023F000135406E00A07140E034A00F00F031B1FD4
:10240000D45410BD00E400E018ED00E008B5044627
:102410000D46164600960DB1284600E006A003467C
:102420000CB1204600E004A0024604A10C4804F0D0
:1024300085FD00BFFEE700003F000000415353450B
:1024400052543A2025732C2066696C653A20257316
:102450002C206C696E653A2025640D0A000000008E
:102460000010014010B52DED028BB1EEC08A18EEC0
:10247000100A20F00040C0F1FF40C00F0AD010EE5B
:10248000100A20F00040C0F1FF40C00F04BF01203F
:1024900000F01AF8B0EE480ABDEC028B10BD10B582
:1024A000012004F0C1FA10BD704702E008C8121FF5
:1024B00008C1002AFAD170477047002001E001C12D
:1024C000121F002AFBD170470149086070470000C5
:1024D000D00200202DE9FF5F82B00021DDE9043049
:1024E000020DDDF840B0034318D044F61050A2F2BC
:1024F000FF3242431514119801281FD0A5EB0B00A1
:10250000401C5FEA000A4FF000064E4FDFF838919A
:10251000B046504615D5CAF1000413E011980124C5
:102520004AA3012801D16FEA0B010298119AC0E970
:102530000031C0E9024206B0BDE8F09FCBF10000D7
:10254000DFE704460021404A491842EB0450CDE938
:10255000001012E0E00707D032463B4640464946AD
:10256000FEF7CFFF8046894632463B461046194665
:10257000FEF7C7FF06460F466410002CEAD1DDE9DE
:102580000401DDE90023BAF1000F06DAFEF7B9FF16
:1025900042464B46FEF7B5FF05E0FFF724F84246FA
:1025A0004B46FFF720F804460E460022284BFFF763
:1025B000A1F803D84FF0FF30014607E00022254B79
:1025C00020463146FEF7F6FEFFF77CF8102409E0BE
:1025D000002C0ADB0A220023FEF7BBFE039B3032ED
:1025E0001A55641E50EA0102F2D1641C039AC4F128
:1025F00011031444119A012A03D0012208430DD17A
:102600000AE0084304D000204FF0110B119072E74C
:10261000A3EB0B056D1E0DE05B4504DD4FF00002E2
:1026200005F1010504E003DA4FF00002A5F1010510
:10263000002AECD002981199C0E90231C0E90045A6
:1026400079E70000000014400000F03F3000000077
:102650000000F0430000E03F2DE9FF4F95B09A469F
:10266000884606460025EEE1252877D10024274636
:10267000F94A0121039400E0044316F8013F203B8E
:1026800001FA03F01042F7D130782A2811D06FF008
:102690002F033078A0F13002092A16D8039A44F0AB
:1026A000020402EB820203EB42021044761C039008
:1026B000EFE758F8042B0392002A03DA504244F45F
:1026C0000054039044F00204761C30782E2816D172
:1026D00016F8010F44F004042A280DD06FF02F02E1
:1026E0003078A0F13003092B09D807EB870302EB00
:1026F0004303C718761CF3E758F8047B761C307840
:102700006C280FD006DC4C2817D068280DD06A281A
:1027100014D104E0742810D07A280FD10DE044F4CD
:1027200000140AE044F4801401E044F44014727888
:10273000824202D104F58014761C761C307866281B
:102740000BD013DC582877D009DC002875D0452839
:10275000F6D04628F4D047281AD193E118E0632830
:1027600035D0642879D0652812D18BE1702873D0D8
:1027700008DC6728F1D069286FD06E280DD06F284B
:1027800006D1ACE073282CD0752874D0782853D0AB
:102790005246179990476D1C54E1C4F30250022829
:1027A00009D003280DD0D8F8001004280DD00D60F2
:1027B00008F1040846E1D8F80010EA17C1E9005210
:1027C000F6E7D8F800100D80F2E70D70F0E718F882
:1027D000041B8DF8001000208DF80100EB4601204D
:1027E00003E058F804BB4FF0FF3061074FF00001E1
:1027F00002D40DE009F101018946B9420FDA8145A1
:10280000F8DB1BF809100029F4D108E009F10101F7
:1028100089468142FADB1BF809100029F6D103989A
:102820005346A0EB090721463846179A00F080FA74
:10283000284400EB090507E044E008E10DE01BF83F
:10284000010B524617999047B9F10109F7D2534647
:1028500021463846179AF2E039E00A21C4F30252C1
:102860004FF0000B0091022A06D058F8040BC11754
:10287000032A09D00AE023E008F1070020F007024C
:10288000F2E80201904605E000B2C117042A01D126
:1028900040B2C117002906DA0A460021404261EB26
:1028A00002012D2202E0220504D52B228DF80420FE
:1028B000012203E0E20701D02022F7E7914657E02A
:1028C0000A2100E010214FF0000B00910BE01021D5
:1028D0004FF0000B44F004040827009103E00820A7
:1028E0004FF0000B0090C4F30252022A05D058F8B2
:1028F000040B0021032A08D008E008F1070020F0AB
:102900000702F2E80201904603E080B2042A00D1F7
:10291000C0B24FF0000922072AD53278702A07D0BA
:10292000DDF800C08CF0100C5CEA0B0C05D00EE05A
:1029300040228DF80420012208E050EA010306D06D
:1029400030238DF804308DF8052002229146009B3B
:1029500083F0080353EA0B030AD150EA010201D1C4
:10296000620705D530228DF804204FF001097F1E43
:102970003278582A04D039A20C920CAA02920BE0A9
:102980003BA2F9E75B46009AFEF7E3FC0C9B9B5CDD
:10299000029A521E0292137050EA0102F2D102987A
:1029A00004A9081A00F1200B600702D524F4803432
:1029B00000E001275F4502DDA7EB0B0000E00020EF
:1029C00000EB0B01009003984944401A0390E00388
:1029D00006D453462146179A039800F0A9F90544F6
:1029E000002706E001A85246C05D179990476D1C6C
:1029F0007F1C4F45F6DBE0030CD553462146179A62
:102A0000039800F095F9054404E0302052461799E8
:102A100090476D1C0099481E00900029F5DC08E0E5
:102A20000298029952460078491C029117999047E2
:102A30006D1CBBF10001ABF1010BF1DC5BE100F0BF
:102A400065F90544761C307800287FF40DAE19B086
:102A50002846BDE8F08F00000928010030313233EC
:102A600034353637383961626364656600000000CA
:102A700030313233343536373839414243444546B4
:102A800000000000600700D4062708F1070020F0CE
:102A90000700F0E80223804603F0004C5FEA0C00D8
:102AA00001D097A009E0200501D596A005E0E00738
:102AB00001D095A001E0AFF24C001390307823F0E4
:102AC000004365280CD006DC452809D046281DD0D7
:102AD00047287FD13BE0662818D067287AD136E0B6
:102AE0000021112F01DB112000E0781CCDE900014D
:102AF00004A90CA8FFF7EEFCDDE90D010C9A4FF0DC
:102B0000000B07F10109109200914EE04FF00040D8
:102B10000097CDE9011004A90CA8FFF7DBFCDDE963
:102B20000D020C9B0F994FF0000B914610930092F1
:102B300011B9791C00EB0109B7EB090003D4C0F10E
:102B4000FF3B07F10109A9EB0700019042E0012FCB
:102B500000DA01270021112F01DD112000E03846A5
:102B6000CDE9000104A90CA8FFF7B4FCDDE90D01D3
:102B70000C9A00914FF0000BB946109221070FD428
:102B8000009A4A4503DA914601E0A9F10109B9F139
:102B9000010F05DD109AA9F10101515C3029F4D033
:102BA000B84202DA10F1040F03DA0121CDE9011075
:102BB00010E0002803DC8344A9EB000102E0411C83
:102BC000494500DD8946A0EB0B00401C01904FF009
:102BD00000400290200705D40198484502DB4FF0E1
:102BE000FF30019000208DF84B0002980DF14B074B
:102BF000B0F1004F25D002200C902B200D900298B0
:102C000000280CDA404202902D200D9007E00A21A6
:102C10000298FEF788FB3031029007F8011D0C99ED
:102C2000481E0C900029F2DC02980028EFD1791E92
:102C30000D980870307800F0200040F0450007F84B
:102C4000020D11A8C01BC01D02901398007800B19E
:102C5000012000EB0901019801EBE07102980144A9
:102C60000398401A401E0390E00306D453462146C1
:102C7000179A039800F05CF805441398007818B18F
:102C80005246179990476D1CE00323D553462146C1
:102C9000179A039800F04CF805441BE0BBF1000FB5
:102CA00007DB0098584504DD1098179910F80B00C1
:102CB00001E0179930205246904701980BF1010B23
:102CC000401E05F10105019004D12E2052461799AE
:102CD00090476D1CB9F10001A9F10109DEDC05E0A6
:102CE00017F8010B5246179990476D1C0299481E20
:102CF00002900029F4DC53462146179A03989EE679
:102D00002D0000002B000000200000002DE9F04104
:102D1000044600251E461746880404D405E03946BB
:102D20002020B0476D1C641EF9D52846BDE8F0810F
:102D30002DE9F041044600251E469046C80301D502
:102D4000302700E02027880404D505E041463846B6
:102D5000B0476D1C641EF9D52846BDE8F0814A686D
:102D6000002A06D00A68531C0B6010704868401E89
:102D70004860704708B50021009102E00099491CA5
:102D8000009100EB8001009AB2EB410FF6D308BD31
:102D90000A68531C0B6010707047816841F008018D
:102DA000816000BF816801F008010029FAD18168C3
:102DB00041F00401816000BF816801F00401002935
:102DC000FAD1704730B5012902D0022920D10FE095
:102DD0006AB1102A0BD8C36A23F47003C362C36AB2
:102DE000541E4FF4700505EA04542343C36210E0F7
:102DF0006AB1042A0BD8836B23F440138363836B7B
:102E0000541E4FF4401505EA04542343836300E045
:102E100000BF00BF30BD00000649096821F4E02171
:102E2000054AC2F804131146D1F804130143C2F84D
:102E300004137047042301400020014021B182683F
:102E400042F40062826003E0826822F400628260E1
:102E50007047816841F4807181607047816841F4F6
:102E6000007181607047816801F0010119B98168C2
:102E700041F0010181607047012902D0022912D17D
:102E800008E0836823F040538360836843EA027359
:102E9000836009E0836823F440138360836843EA16
:102EA0000253836000E000BF00BF7047012902D0D9
:102EB000022910D107E0836823F070638360836880
:102EC0001343836008E0836823F47023836083687E
:102ED0001343836000E000BF00BF7047F0B51D469C
:102EE00006290CDA436B01EB81071F26BE40B34372
:102EF00001EB810602FA06F63343436322E00C2914
:102F00000EDA036B8E1F06EB86071F26BE40B34307
:102F10008E1F06EB860602FA06F63343036311E0C2
:102F200010290FDAC36AA1F10C0606EB86071F26EB
:102F3000BE40B343A1F10C0606EB860602FA06F684
:102F40003343C3620A2A0CDA046902EB42070726FC
:102F5000BE40B44302EB420605FA06F63443046170
:102F600011E0122A0FDCC468A2F10A0606EB46073C
:102F70000726BE40B443A2F10A0606EB460605FA50
:102F800006F63443C460F0BD012902D002290AD1FB
:102F900004E0826842F08042826005E0826842F488
:102FA0008002826000E000BF00BF7047AAB101F458
:102FB00080731BB1436843F48073436001F4806302
:102FC0001BB1436843F48063436001F00203CBB15B
:102FD000836843F00203836014E001F480731BB143
:102FE000436823F48073436001F480631BB143683A
:102FF00023F48063436001F002031BB1836823F074
:1030000002038360704700000649096821F01F0130
:10301000054AC2F804131146D1F804130143C2F85B
:1030200004137047042301400020014010B507F04D
:1030300025FD024800880249088010BD08000020D4
:103040000C000020014601EB41004FF4805202EBDE
:10305000C00070471CB50548054900231A46CDE954
:1030600000100721034802F077FC1CBD9173010892
:10307000157401086400002070B50446002007E0C4
:1030800051F8205052F82060354044F82050401C40
:103090005D1E012606EB55158542F1D870BD30B591
:1030A00001F01F05012404FA05F33AB14C0950F868
:1030B00024401C434D0940F8254006E04C0950F8D7
:1030C00024409C434D0940F8254030BD2DE9F04196
:1030D00005460E461446601E012101EB5010820089
:1030E00031462846FEF7EEF807463846BDE8F0813F
:1030F0000246480952F8203001F01F0023FA00F080
:1031000000F00100704770B502460B460024002114
:103110001BE052F82100B8B152F821004FF05535AC
:1031200005EA5005401B00F033354FF0333606EA10
:103130009006A81900EB101505F00F3000EB0045C4
:1031400005EB05252D0E2C44491C581E012505EBC9
:1031500050108842DDD8204670BD70B5044600206E
:1031600007E051F8205052F82060354344F82050D1
:10317000401C5D1E012606EB55158542F1D870BD39
:1031800030B501460B4600222024002002E01D5CE1
:103190002A44401CA042FAD3104630BD10B540F678
:1031A000024004F0ADFF41F2091004F0A9FF4FF412
:1031B0004030FFF731FE022300220321174803F0BD
:1031C000F2FA0020FFF720FF002202211448FFF747
:1031D000EDFE00224FF480711148FFF7E7FE002159
:1031E0000F48FFF72BFE012211460D48FFF7EAFDBD
:1031F00001230B2200210A48FFF770FE0022012163
:103200000748FFF739FE0648FFF72DFE012001F0C1
:10321000D5FA0348FFF7C1FD10BD000000080240C9
:103220000021014000B589B040F6024004F068FF7B
:1032300041F2081004F064FF40F6164004F060FF0D
:103240004FF44030FFF7E8FD0523002203213C48FE
:1032500003F0A9FA04213B4801F0EEFD3A48009042
:103260000120019039480290002003904FF4006043
:1032700004900020069002200790000408906A46FF
:103280000421304801F0AEFF002204212D4801F056
:10329000A0FD04212B4801F0BFFD0421294801F0C5
:1032A00088FD0020FFF7B0FE0122022126484C389D
:1032B000FFF77CFE0122110223484C38FFF776FE0F
:1032C000002121484C38FFF7B9FD022201211E4898
:1032D0004C38FFF777FD01230A2200211A484C38A9
:1032E000FFF7FCFD01230C22194617484C38FFF765
:1032F000F5FD0022012114484C38FFF7D7FD0022CC
:10330000012111484C38FFF7B7FD0F484C38FFF743
:10331000A5FD0D484C38FFF79CFD0B484C38FFF7D6
:10332000A2FD012001F04AFA07484C38FFF735FDAD
:10333000012105484C38FFF727FE09B000BD000009
:1033400000080240006402404C20014008000020B8
:1033500010B540F6014004F0D3FE40F6044004F0FE
:10336000CFFE4FF4406004F0CBFE4AF680230122EA
:103370000021084803F017FA01231A4600210648E5
:1033800003F011FA01231A460021044803F00BFA56
:1033900010BD000000100240000402400000024086
:1033A00010B54FF4406004F0ABFE41F21D0004F094
:1033B000A7FE41F2040004F0A3FE10230022032123
:1033C0000D4803F0F0F90D4801F0A2F90022114672
:1033D0000A4801F0CBF90021084801F0BAF90022AF
:1033E0001146064801F0D6F90021044801F0A4F97D
:1033F00007F0E8FC10BD000000000240007400402F
:1034000000B587B040F6014004F07AFE41F20E00AC
:1034100004F076FE40F6154004F072FE4FF4604270
:1034200005211B4803F048F94FF4604300220221B4
:10343000174803F0B8F94FF4604302220021144802
:1034400003F0D8F94FF4805300220121104803F013
:10345000AAF94FF48053022200210D4803F0CAF963
:10346000002001904FF48270009000200290032011
:1034700005904FF4007003901020069000200490F7
:103480006946044807F0A8F907F00AF807B000BD3C
:10349000000402400038004000B587B04FF440609F
:1034A00004F02EFE40F6044004F02AFE41F20C1017
:1034B00004F026FE40F6164004F022FEE02205212C
:1034C0001C4803F0F9F8E02300220221194803F018
:1034D0006AF9E02302220021164803F08BF94FF429
:1034E000807300220121144803F05DF94FF48073CA
:1034F00002220021104803F07DF94FF480710E483C
:1035000003F00BF9002001904FF48270009000202E
:1035100002900120059040020390102006900020A8
:1035200004906946054807F057F9FEF767FA07B0B7
:1035300000BD0000000002400010024000300140C9
:1035400010B540F6034004F0DBFD4FF47C5301223C
:103550001146194803F027F94FF47C530222002149
:10356000154803F047F900BF00BF4FF480701249BF
:103570002831086000BF00BF00BF00BF40000860E6
:1035800000BF00BF00BF00BF4000086000BF00BF19
:1035900000BF00BF4000086000BF00BF00BF00BF09
:1035A0004000086000BF00BF00BF00BF40000860CF
:1035B00000BF00BF10BD0000000C024000B589B084
:1035C00040F6014004F09CFD41F2150004F098FD26
:1035D00040F6154004F094FD4FF400720421304889
:1035E00003F06AF84FF4807204212D4803F064F868
:1035F0004FF4007301220221294803F0D4F84FF45C
:10360000007302220121264803F0F4F84FF480737E
:1036100001220221224803F0C6F84FF480730222EF
:1036200001211F4803F0E6F800221E491E4803F05E
:103630000BF97223002211461B4803F0DDF91A48EA
:1036400003F0A8F94FF48061174803F0F4F806215D
:10365000164801F0F1FB684601F070FE402006902C
:1036600013480290002003900490022007900E4817
:1036700010300090012001904FF4403008906A46CD
:1036800006210A4801F0AEFD0621084801F0B4FB0E
:1036900001220621054801F09CFB09B000BD000095
:1036A00000040240801A06000054004000600240FE
:1036B0000600002010B54FF4406004F021FD41F2F7
:1036C000110004F01DFD4FF4406004F019FD0C22C0
:1036D0000721244802F0F0FF0C2301220221214897
:1036E00003F061F80C23022200211E4803F082F847
:1036F0000223012211461B4803F055F802231A4603
:103700000021184803F076F800BF022015498862AE
:1037100000BF154807F094FD4FF4E131124807F05F
:1037200011FD0021104807F074FE00210E4807F03B
:1037300050FE00210C4807F05CFE04210A4807F007
:1037400050FE0821084807F05CFE0021064807F0FB
:10375000EAFD054807F0F1FD00220121262003F0D3
:1037600021FC10BD000002400044004010B50024C0
:1037700041F21C0004F0C4FC03F000FE00F010F85D
:1037800005480068C0F301200449086000F026F8ED
:1037900004F034FB204610BD7038024018000020B1
:1037A00010B54FF4E05004F0EBFB4FF4E05004F0A0
:1037B000F9FB4FF4807004F0D9FCFF200549086044
:1037C0007F200549086041F60F4004F099FC04F0A1
:1037D00007FE10BD14000020100000202DE9F0416C
:1037E00000272324592550261048006810490881D5
:1037F000104800684881252008700620C870042001
:1038000048703020887000200861C8600846047144
:103810004571867104F054FD08B97F1E03E043F240
:10382000F020054908603846BDE8F081100000200E
:1038300004070020140000205028004000B589B083
:1038400040F6154004F05CFC0121404801F0F4FA18
:10385000002006903E480290002003904FF48070B4
:1038600007903C48009001200190002004904FF404
:10387000403008906A460121344801F0B3FC012130
:10388000324801F0B9FA04220121304801F0A1FACE
:1038900001212E4801F08DFA40F6014004F030FC81
:1038A00041F2120004F02CFC4FF4806207212A48F8
:1038B00002F002FF4FF400620721274802F0FCFEED
:1038C0004FF4806301220221234802F06CFF4FF481
:1038D000806302220021204802F08CFF4FF4006335
:1038E000012202211C4802F05EFF4FF40063022215
:1038F0000021194802F07EFF1648001F07F0A0FCC7
:103900004FF4E1311348001F07F01CFC042111485B
:10391000001F07F066FD08210E48001F07F071FD2B
:1039200040210C48001F07F0FEFC0A48001F07F06A
:1039300004FD00220321272003F034FB4FF44171E2
:103940000448001F07F01BFD09B000BD00600240E5
:1039500004060020044800400004024010B500F0B6
:1039600005F8FFF76BFFFFF7A5FE10BD00B589B0A6
:1039700040F6164004F0C4FB0221404801F05CFA16
:10398000002006903E480290002003904FF4007003
:1039900007903C48009001200190002004904FF4D3
:1039A000403008906A460221344801F01BFC022195
:1039B000324801F021FA04220221304801F009FACC
:1039C00002212E4801F0F5F94FF4406004F098FB15
:1039D00041F2041004F094FB4FF4007207212A48CE
:1039E00002F06AFE4FF480620721274802F064FE6D
:1039F0004FF4007301220221234802F0D4FE4FF459
:103A0000007302220021204802F0F4FE4FF480638C
:103A1000012202211C4802F0C6FE4FF480630222FC
:103A20000021194802F0E6FE1648001F07F008FCC6
:103A30004FF4E1311348001F07F084FB04211148C3
:103A4000001F07F0CEFC08210E48001F07F0D9FC2C
:103A500040210C48001F07F066FC0A48001F07F0D1
:103A60006CFC00221146252003F09CFA4FF44171B2
:103A70000448001F07F083FC09B000BD0064024049
:103A800004030020041001400000024010B502F0C1
:103A9000B3FD044601F08EFF10BD00002DE9F0419A
:103AA0002DED028B96B004A805F0BCF804461D2C41
:103AB0007ED156A15C4803F041FA9DF848000828E1
:103AC00023D2DFE800F004090E222213181D57A1AB
:103AD000554803F033FA1DE05FA1534803F02EFA76
:103AE00018E068A1504803F029FA13E06EA14E488F
:103AF00003F024FA0EE074A14B4803F01FFA09E02A
:103B00007CA1494803F01AFA04E084A1464803F076
:103B100015FA00BF00BF0C98401C85024FF40076D8
:103B200005F02CF800EE100AF8EE400A9FED811A1D
:103B300080EE810ADFED7F0A80EE201A11EE107A06
:103B40003846FDF7DDFB41EC180B05F017F8804611
:103B50008DED008B424678A1334803F0EFF93246F1
:103B60007EA1314803F0EAF92A4683A12E4803F0EA
:103B7000E5F99DF8102087A12B4803F0DFF9BDF887
:103B800012208AA1284803F0D9F90598000E8DF873
:103B900008000598000C8DF809000598000A8DF8BA
:103BA0000A000598C0B28DF80B009DF8180000E0DF
:103BB00021E08DF80C0000208DF80D0002AA82A1F2
:103BC000194803F0BBF99DF8190000F00F039DF8A8
:103BD0001900020981A1144803F0B0F9079A86A1DF
:103BE000114803F0ABF99DF82400421C8AA10E484D
:103BF00003F0A4F904E022468CA10B4803F09EF9DF
:103C000016B0BDEC028BBDE8F08100000D0A2A2A37
:103C10002A205344204361726420496E666F202A33
:103C20002A2A0D0A0000000000100140436172645E
:103C300020547970653A205374616E646172642017
:103C400043617061636974792053442043617264F5
:103C50002056312E310D0A00436172642054797070
:103C6000653A205374616E646172642043617061CF
:103C70006369747920534420436172642056322E64
:103C8000300D0A004361726420547970653A20480F
:103C900069676820436170616369747920534420C7
:103CA000436172640D0A00004361726420547970AC
:103CB000653A204D756C74696D6564696120436176
:103CC00072640D0A00000000436172642054797030
:103CD000653A204869676820436170616369747957
:103CE000204D756C74696D6564696120436172640F
:103CF0000D0A00004361726420547970653A2048CF
:103D0000696768205370656564204D756C74696DD2
:103D10006564696120436172640D0A0043617264E5
:103D200020547970653A20556E6B6E6F776E0D0A70
:103D300000000000000080440D0A23232044657623
:103D40006963652073697A652069732025644B4235
:103D50002028252E32664742292323000D0A2323DB
:103D600020426C6F636B2073697A6520697320252C
:103D700064422023230000000D0A232320426C6F9D
:103D8000636B20636F756E74206973202564202334
:103D9000230000004D616E75666163747572657213
:103DA0002049443A20307825580D0A004F454D2FC0
:103DB0004170706C69636174696F6E2049443A2088
:103DC000307825580D0A000050726F6475637420B6
:103DD0004E616D653A2025730D0A000050726F64C4
:103DE000756374205265766973696F6E3A20256435
:103DF0002E25640D0A00000050726F6475637420F4
:103E000053657269616C204E756D6265723A20303F
:103E100078253038580D0A00435344205665727394
:103E2000696F6E3A2025642E300D0A000D0A466136
:103E3000696C656420746F20676574205344206347
:103E400061726420696E666F726D6174696F6E2C49
:103E5000206572726F7220636F64653A2025640D6D
:103E60000A00000070B504460D46607801232A461A
:103E700004F1300100F037FF08B1032070BD94F861
:103E80002E1294F82F0241EA00204AF6552188426A
:103E900001D00220F2E794F86900010694F8680066
:103EA00041EA004194F8670041EA002094F8661066
:103EB000084320F07F400E49884201D10020DDE711
:103EC00094F88500010694F8840041EA004194F8D2
:103ED000830041EA002094F88210084320F07F40DC
:103EE0000349884201D10020C8E70120C6E700004D
:103EF000464154002DE9F04103F0A2F9461C41F17E
:103F0000000703F08DF904460D4603F029FA40B18D
:103F1000311B67EB0500103970F1000001DBA419BB
:103F20007D4120462946BDE8F081024600E0521C52
:103F3000107810B110788842F9D1107870470000DD
:103F40002DE9F74F88B00898006801900198007833
:103F500030380790079809280AD8019840783A28FD
:103F600006D10198801C019008990198086001E031
:103F700000200790079818B10B200BB0BDE8F08F18
:103F8000D049079851F82040099804600CB90C20DA
:103F9000F3E7207878B1607800F0CDFE804608F035
:103FA000010040B90A9820B108F0040008B10A20C5
:103FB000E3E70020E1E70020207007986070607858
:103FC00000F04BFE804608F0010008B10320D4E762
:103FD0000A9820B108F0040008B10A20CDE74FF09C
:103FE000000B59462046FFF73DFF054600BF012D57
:103FF00021D14FF0000ABAF1000F03D0AAF101005D
:1040000000F0FF0A4FF4DF7000EB0A1104F13000FA
:104010000F18387978B1F87A0106B87A41EA004188
:10402000787A41EA0020397A40EA010B5946204665
:10403000FFF718FF0546032D01D101209DE70DB1C3
:104040000D209AE73B20015D94F83C0041EA0020F6
:10405000B0F5007F01D00D208FE74620015D94F878
:10406000470041EA0029B9F1000F0ED194F857003A
:10407000010694F8560041EA004194F8550041EADF
:10408000002094F8541040EA0109C4F81C90402024
:10409000065DE670012E03D0022E01D00D206CE7E4
:1040A00009FB06F93D20005D0646A07016B1701EA2
:1040B000304008B10D2060E74120015D94F84200D6
:1040C00041EA00202081207A00F00F0008B10D2085
:1040D00053E74320015D94F8440041EA0020069034
:1040E000069870B994F85300010694F8520041EA1A
:1040F000004194F8510041EA002094F85010084320
:1041000006903E20015D94F83F0041EA00200290B5
:10411000029808B90D2030E702984844218900EB45
:1041200011100590DDE90501814201D20D2024E73F
:10413000DDE90510401AA178B0FBF1F00490049875
:1041400008B90D2019E7012540F6F6710498884258
:1041500000D302254FF6F6710498884200D3032558
:104160000498801CA06105985844A06202985844A5
:104170002062032D16D1208908B10D20FDE694F8A8
:104180005F00010694F85E0041EA004194F85D008A
:1041900041EA002094F85C1008436062A069800046
:1041A000039014E0208908B90D20E6E6206A48440F
:1041B0006062022D02D1A069400007E0207E00F07D
:1041C0000100A16901EB410100EB51000390E1699D
:1041D000039800F2FF10B1EB502F01D20D20CCE676
:1041E0004FF0FF3020610020E060032D5CD1607152
:1041F00094F8601094F8610041EA0020584460612E
:104200006078012304F13001626900F06CFDE8BBC5
:1042100094F82E1294F82F0241EA00204AF6552114
:10422000884241D13320005D01063220005D41EA21
:1042300000413120005D41EA002094F8301008432D
:104240002149884230D194F81702010694F81602E9
:1042500041EA004194F8150241EA002094F8141252
:1042600008431A4988421FD194F81F02010694F8A6
:104270001E0241EA004194F81D0241EA002094F830
:104280001C120843E06094F81B0200E00CE00106F9
:1042900094F81A0241EA004194F8190241EA002018
:1042A00094F8181208432061257009480088401CC2
:1042B00080B207490880E0800020E062207100BFE2
:1042C0005BE600005C000020525261417272416165
:1042D000600000200246891E9069801E884201D835
:1042E000002070479378906A01FB0300F9E7000013
:1042F00070B51D25084C00E0641E802005F08CFF81
:1043000008B9002CF8D114B91325284670BD03480C
:1043100005F07CFF2846F9E7A0860100FF07C000F2
:104320002DE9F04705460C46207820F04000401E5D
:1043300000EB800101EBC00600274FF0010800BF31
:104340001A48C05D205C1949C95D2144497840EA9A
:104350000129B8F1000F10D0484601F0D7FF804680
:10436000FF2E07D23146761C35F8110001F0CEFF42
:10437000404508D00020BDE8F0874FF6FF7081452A
:1043800001D00020F7E7781C07460D28D8D3207805
:1043900000F0400038B1B8F1000F04D035F8160035
:1043A00008B10020E7E70120E5E7000054C3010859
:1043B0000146012904D0022905D0032909D105E0CD
:1043C0004FF47A70704740F6B830FBE741F288301E
:1043D000F8E70020F6E72DE9F04704468946B9F1F1
:1043E000000F06D1E76817B1A069B84211D80127BC
:1043F0000FE04946204602F08BF80646022E02D214
:104400000120BDE8F087A069B04201D93046F8E745
:104410004F463D4600BF6D1CA069A84204D8022546
:10442000BD4201D90020ECE72946204602F070F891
:10443000064606B909E0701C08B1012E01D13046CC
:10444000DFE7BD42E7D10020DBE700BF6FF070423D
:104450002946204603F0DAFA8046B8F1000F08D169
:10446000B9F1000F05D02A464946204603F0CEFA9E
:104470008046B8F1000F09D1E5602069401C68B1A1
:104480002069401E20610120607107E0B8F1010F32
:1044900002D14FF0FF3000E0012005462846B0E78A
:1044A0002DE9F34F83B082460498D0F800B001E0C4
:1044B0000BF1010B9BF800002F28F9D09BF80000AE
:1044C0005C28F5D0DAF81C9000252E4600BF304657
:1044D000761C1BF80040202C03DB2F2C01D05C2C19
:1044E00000D11CE0FF2D03D3062005B0BDE8F08FFE
:1044F000E4B20121204601F0E3FE04460CB9062097
:10450000F3E7802C06DA21466BA0FFF70EFD08B119
:104510000620EAE728466D1C29F81040D7E700BFBF
:104520000BEB060104980160202C01DA042000E066
:104530000020074608E0681E39F81040202C02D001
:104540002E2C00D002E06D1E002DF4D100BF0DB95D
:104550000620CAE7002029F815000B222021DAF8EE
:10456000180002F095FC002600E0761C39F81600D1
:104570002028FAD039F816002E28F6D00EB147F0D0
:10458000030700E06D1E25B1681E39F810002E28C3
:10459000F8D14FF00008CDF808800820019000BF46
:1045A0003046761C39F8104004B955E0202C03D071
:1045B0002E2C04D1AE4202D047F00307F0E7DDE92C
:1045C0000110884201D2AE4216D101980B2802D1C7
:1045D00047F0030740E0AE4201D047F00307AE4288
:1045E00000D939E02E46082002900B2001904FEAB6
:1045F00088604FEA1068D3E7802C0BDB002120464F
:1046000001F05EFE04461CB1A4F180002D490C5C53
:1046100047F0020700BF24B121462BA0FFF785FC1D
:1046200018B15F2447F003070FE0412C04DB5A2C3C
:1046300002DC48F0020808E0612C06DB7A2C04DC7E
:1046400048F00108A4F1200084B2DAF8183002988A
:10465000411C02911C54A3E700BFDAF8180000784F
:10466000E52803D10520DAF8181008700198082809
:1046700003D14FEA88604FEA106808F00C000C285C
:1046800003D008F00300032801D147F0020707F028
:10469000020058B908F00300012801D147F01007C3
:1046A00008F00C00042801D147F00807DAF81800D8
:1046B000C772002019E70000222A3A3C3E3F7C7F67
:1046C0000000000061C301082B2C3B3D5B5D000036
:1046D00069B922B1012A04D0022A06D103E083601D
:1046E00004E0C36002E0036100E000BF0FE00129C5
:1046F0000DD122B1012A04D0022A06D103E0436180
:1047000004E0836102E0C36100E000BF00BF7047C6
:1047100010B504460748204440B940F61D0003F098
:1047200013FD40F61D0003F0FDFC00E000BF00BFDC
:1047300010BD0000008CFFBF21B9026842F00102E9
:10474000026005E0012903D1026842F48032026070
:10475000704721B9026842F00402026005E00129B5
:1047600003D1026842F480220260704739B90368BD
:1047700023F03803036003681343036009E0012951
:1047800007D1036823F460130360036843EA02431C
:104790000360704739B9036823F0C00303600368FE
:1047A0001343036009E0012907D1036823F44003A0
:1047B0000360036843EA02430360704703490860EB
:1047C00000BF024909680029FBD1704700000020A2
:1047D0000448006820B103480068401E0149086091
:1047E00070470000000000202DE9F0410746114805
:1047F0000068A7FB005006460F4800685A2802DDF3
:104800000D48006800E05A200446E017611BB041E3
:1048100001DBBDE8F0812D1B66EBE47601F01CFFA7
:1048200045194E4100BF01F017FF401BB141FADBB3
:1048300000BFEEE7A8020020A00200202DE9F0470B
:1048400004460021204600F0BAF9074617B1384661
:10485000BDE8F0874FF0FF09CA4600BF2169206814
:1048600002F032FB074607B154E065692E780EB9B5
:1048700004274FE0E87A00F03F08E52E05D008F065
:10488000080028B1B8F10F0F02D04FF0FF093AE04D
:10489000B8F10F0F1CD1E069A0B306F0400030B1B1
:1048A00095F80DA026F04006B146E08820844E45DC
:1048B0000AD1687B504507D12946E069FFF730FDF2
:1048C00010B1A9F1010000E0FF2000F0FF091AE09B
:1048D000B9F1000F05D1284605F097FF504500D1EA
:1048E00018E04FF0FF094FF6FF702084A069C07AEE
:1048F00000F0010030B90B222846A16902F0A8FAA5
:1049000000B907E0FFE70021204600F006F807465F
:10491000002FA3D000BF38469AE72DE9F0410446A6
:10492000884600BFE088401C86B20EB1206910B9ED
:104930000420BDE8F08106F00F0000286FD1206947
:10494000401C2061E06828B920680089B04266DC1C
:104950000420EEE720688078401E00EA1610002848
:104960005DD1E168206801F0D3FD0546012D01D835
:104970000220DEE7681C08B90120DAE720688069B8
:10498000A84246D8B8F1000F01D10420D1E7E16870
:104990002068FFF720FD05460DB90720C9E7012D66
:1049A00001D10220C5E7681C08B90120C1E7002138
:1049B000206802F089FA08B10120BAE7216801F104
:1049C00030004FF40072002102F062FA294620689C
:1049D000FFF780FC2168C862002710E001202168F1
:1049E00008710021206802F06FFA08B10120A0E7E9
:1049F0002068C06A401C2168C862781CC7B2206861
:104A00008078B842EADC2068C06AC01B2168C862AE
:104A100000BFE56029462068FFF75CFC2061E68066
:104A20002068303006F00F0100EB4110606100207B
:104A30007FE72DE9F04F85B00446D4F81880D4F80C
:104A40001CB00C22414601A802F015FA00BF9DF8E7
:104A50000F0000F0010030B3002088F80B00E06187
:104A600001270DE03B465A4601A9404601F0FCFCF7
:104A70002046FFF7E3FE054605B103E0781C87B248
:104A8000642FEFDB00BF642F03D1072005B0BDE822
:104A9000F08F042D01D02846F8E79DF80F0088F824
:104AA0000B00C4F81CB09DF80F0000F0020070B1BC
:104AB000002601E0701C86B23BF816000028F9D1F0
:104AC00006F119000D2190FBF1F086B200E00126FD
:104AD0000021204600F073F805460DB12846D5E7C1
:104AE00000200746049000BF2169206802F0ECF91D
:104AF000054605B119E0606990F80090B9F1E50F3D
:104B000002D0B9F1000F08D10FB9E0880490781CE9
:104B100080B20746B04201D107E0002701212046BC
:104B2000FFF7FBFE0546002DDED000BF4DBB012E7A
:104B300027DD2046049900F042F805460DBBA06928
:104B400005F063FE0090701E86B200BF21692068E8
:104B500002F0BAF9054605B112E0F2B26169E06906
:104B6000009B01F0EFFB0120216808710021204625
:104B7000FFF7D3FE05461DB9701E80B2061EE5D1B3
:104B800000BFD5B92169206802F09EF90546A5B994
:104B9000D4F814A020220021504602F079F90B220B
:104BA0005046A16902F067F9A069C07A00F01800C8
:104BB0008AF80C00012021680871284666E72DE973
:104BC000F04104460E46E680A568012D03D020681A
:104BD0008069A84202D80220BDE8F0812DB9206882
:104BE0000078032801D12068456A65B9E56020682E
:104BF0000089B04201DC0220EEE72068406A00EB49
:104C00001610206120E020688078070112E0294614
:104C1000206801F07DFC0546681C08B90120DBE72F
:104C2000022D03D320688069A84201D80220D3E76F
:104C3000F01B86B2BE42EADAE56029462068FFF73B
:104C400049FB00EB161020612068303006F00F01A0
:104C500000EB411060610020BEE730B593B005461F
:104C600000200090002D39D104F0D0FC04461D2C0A
:104C700004D101A803F0D6FF044602E0012013B0DE
:104C800030BD1D2C05D1BDF8480004F0B9F904462B
:104C900001E00120F3E7684604F022FA0446009898
:104CA00000F0007008B100BFFEE71D2C05D14FF4E5
:104CB000006003F09BFE044601E00120DFE71D2CAD
:104CC00004D1002005F0BCF9044601E00120D6E73C
:104CD0001D2C01D10020D2E70120D0E70120CEE732
:104CE0000346002070472DE9F04107460C46154663
:104CF0001E464FF01C0814B90420BDE8F0810EB91F
:104D00000420FAE787B9012E06D169027202204613
:104D100003F0D0FB804607E0690233464FF400728F
:104D2000204604F02FFD8046B8F11D0F01D1002070
:104D3000E3E70120E1E7014609B9002070470120BF
:104D4000FCE72DE9F04107460C4615461E464FF09C
:104D50001C0814B90420BDE8F0810EB90420FAE75C
:104D600087B9012E06D169027202204603F0AEFC1B
:104D7000804607E0690233464FF40072204604F093
:104D80004FFE8046B8F11D0F01D10020E3E701205E
:104D9000E1E710B501EB4102D30000F11002D25857
:104DA00022F0010301EB4102D40000F11002135183
:104DB00010BD10B501EB4102D30000F11002D25832
:104DC00042F0010301EB4102D40000F11002135143
:104DD00010BD30B5134601EB4104E50000F11004AD
:104DE000625922F0606242EA436201EB4104E5004D
:104DF00000F11004625130BD10B501EB4102D30047
:104E000000F11002D25822F4807301EB4102D40069
:104E100000F11002135110BD10B501EB4102D30097
:104E200000F11002D25842F4807301EB4102D40029
:104E300000F11002135110BD10B501EB4102D30077
:104E400000F11002D25822F0010301EB4102D4001C
:104E500000F110021351002301EB4102D40000F1D4
:104E60001002135101EB4102D40000F1140213515E
:104E700001EB4102D40000F11802135101EB410291
:104E8000D40000F11C02135101EB4102D40000F1E7
:104E900020021351212301EB4102D40000F124022E
:104EA000135104290CDA01EB41025300C1F3400213
:104EB00003EB82033D229A4083681A4382600DE02F
:104EC0000A1FD1B201EB41025300C1F3400203EBD0
:104ED00082033D229A40C3681A43C26010BD10B5D8
:104EE00004290CDA01EB41035C00C1F3400304EB3D
:104EF000830302FA03F38468234383600DE00B1FEE
:104F0000D9B201EB41035C00C1F3400304EB83031E
:104F100002FA03F3C4682343C36010BD30B50346EF
:104F2000002004290FDA01EB41046500C1F34004BD
:104F300005EB840402FA04F41D682C400CB1012036
:104F400012E0002010E00C1FE1B201EB410465000B
:104F5000C1F3400405EB840402FA04F45D682C40BC
:104F60000CB1012000E0002030BD30B572B901EB7A
:104F70004103DC0000F110031B5923F0200401EB76
:104F80004103DD0000F110035C510DE001EB410332
:104F9000DC0000F110031B5943F0200401EB410336
:104FA000DD0000F110035C5130BD30B532B101EBD2
:104FB0004104E50000F12004635105E001EB4104E8
:104FC000E50000F11C04635130BD000070B501EB39
:104FD0004104E50000F124046459156A45F0040514
:104FE0002C4301EB4105EE0000F12405AC5101EB2F
:104FF0004104E60000F118041568A55101EB4104D5
:10500000E60000F11C04D568A55101EB4104E6005F
:1050100000F11404D56AA55101EB4104E50000F14B
:1050200010046359414C2340156954682C43156B97
:105030002C43956A2C4395692C43D5692C43234313
:1050400001EB4104E50000F110046351946874B968
:1050500001EB4104E50000F11004645944F40075CB
:1050600001EB4104E60000F11004A5511FE0946833
:10507000012C0ED101EB4104E50000F1100464594C
:1050800024F4007501EB4104E60000F11004A55181
:105090000DE001EB4104E50000F11004645944F413
:1050A000004501EB4104E60000F11004A5515469EC
:1050B00074B901EB4104E50000F11004645944F4B3
:1050C000806501EB4104E60000F11004A5510DE0FC
:1050D00001EB4104E50000F11004645924F48065FB
:1050E00001EB4104E60000F11004A551546A74B9C3
:1050F00001EB4104E50000F11004645944F48075AB
:1051000001EB4104E60000F11004A5510DE001EBB4
:105110004104E50000F11004645924F4807501EBAA
:105120004104E60000F11004A55170BD3F871CFE4C
:1051300030B58DB004460D46012203212748FFF704
:10514000CEFE042203212548FFF7C9FE08220321D1
:105150002248FFF7C4FE102203212048FFF7BFFEBC
:10516000202203211D48FFF7BAFE03211B48FFF749
:1051700010FE03211948FFF75FFE194800900394C1
:1051800000200A900B9001200290002005904FF41F
:1051900080500190800004904FF440300C904FF408
:1051A00000100790800006900320089001200990CD
:1051B0006A4603210948FFF709FF01220321074836
:1051C000FFF7D3FE042203210448FFF702FE032168
:1051D0000248FFF7EEFD0DB030BD00000064024054
:1051E000802C014070B501EB4104E50000F124047E
:1051F000645924F0040501EB4104E60000F12404A5
:10520000A55101EB4104E60000F118041568A55111
:1052100001EB4104E60000F11C049568A55101EB87
:105220004104E60000F11404D569A55101EB4104E5
:10523000E50000F1100463593F4C2340146944EA2F
:105240008404156A2C4395692C43234301EB4104E4
:10525000E50000F110046351546874B901EB410496
:10526000E50000F11004645944F4007501EB4104B9
:10527000E60000F11004A5511FE05468012C0ED186
:1052800001EB4104E50000F11004645924F40075B9
:1052900001EB4104E60000F11004A5510DE001EB23
:1052A0004104E50000F11004645944F4004501EBA9
:1052B0004104E60000F11004A551D46874B901EB73
:1052C0004104E50000F11004645944F4806501EBE9
:1052D0004104E60000F11004A5510DE001EB41048A
:1052E000E50000F11004645924F4806501EB4104E9
:1052F000E60000F11004A551546974B901EB4104B2
:10530000E50000F11004645944F4807501EB410498
:10531000E60000F11004A5510DE001EB4104E500A9
:1053200000F11004645924F4807501EB4104E60097
:1053300000F11004A55170BD3F87FCFF0021016002
:1053400001214160002181600121C16000210161D2
:105350000121416100218161C1610162704700004A
:1053600030B58DB004460D46012203212748FFF7D2
:10537000B6FD042203212548FFF7B1FD08220321D1
:105380002248FFF7ACFD102203212048FFF7A7FDBC
:10539000202203211D48FFF7A2FD03211B48FFF730
:1053A000F8FC03211948FFF747FD194800900394C2
:1053B00040200A9000200B900120029000200590D0
:1053C0004FF480500190800004904FF440300C90D6
:1053D0004FF40010079080000690012009900320F0
:1053E00008906A4603210948FFF7F0FD01220321D6
:1053F0000648FFF7BAFD042203210448FFF7E9FC41
:1054000003210248FFF7D5FC0DB030BD0064024017
:10541000802C014010B501EB4103DC0000F11403C6
:105420001A5110BD024601EB4100C30002F1140005
:10543000C058704710B5002406480078012806D1EE
:1054400005480068804700200249087000E00624F3
:10545000204610BDC6010020CC0100202DE9F047F8
:1054600005460C464FF0000A2088052837D1687899
:105470004FEA0028A87840EA080808F101001FFA5E
:1054800080F8E878060228790643012E24DB7D2E79
:1054900022DA2F4600202080042007F8010B208804
:1054A000401C20807006000E07F8010B2088401C6D
:1054B000208032464146384600F0F8F98146B9F17D
:1054C000000F04D0484602F0DBF9824609E020884C
:1054D00000EB4600208004E04FF0030A01E04FF0AB
:1054E000030A5046BDE8F0872DE9F04705460C4613
:1054F00016461F46DDF820904FF000081CB1012C25
:1055000001DBF72C02DD4FF0020835E01C48047087
:1055100005BB1C481C4908601C481D4908601D4803
:105520001D4908601D481E49086000201D4908608B
:105530001D481E4908601E481E4908601E481F4934
:1055400008604B463A4631460D48007800F0D8F8DE
:10555000804602E04FF0020800BF00BFB8F1000F24
:105560000AD105F0E1FF10B94FF0030804E0144838
:1055700005700120134908704046BDE8F08700001F
:10558000C401002081580108CC0100209D58010869
:10559000D0010020F9570108C80100205157010827
:1055A000D4010020D801002091B60108DC010020C0
:1055B000F9B70108E00100206DB70108E4010020FF
:1055C000C5010020C601002038B5002541480078FB
:1055D00008B1062038BD684605F094FF012877D150
:1055E0009DF8000030B1012805D0022818D003280A
:1055F0006DD16BE06BE0384A38493948394B1B684C
:10560000984705465DB93648007837490978884299
:1056100002D03348007810B9022005F08DFF56E023
:105620002E48006800783149087001203049087020
:10563000002417E02F4810F8340000B914E02D487A
:1056400010F834002949097888420AD1294800EB2A
:10565000C4002149426821480068904724490870E5
:1056600002E0641C102CE5DB00BF1D48007858B335
:105670001F480078C8B10020174908801B480078EF
:1056800040F08001144802880088401C124B1880AA
:10569000124800688154164802781846018800882C
:1056A000401C18800D4800684254134800780128B7
:1056B00000D100BF08480288084801680A480078FD
:1056C0000E4B1B689847054601E001E000BF00BF94
:1056D00000207FE7C6010020760200207002002033
:1056E00074020020D4010020C401002075020020B3
:1056F00078020020F0010020C5010020C801002030
:105700002DE9F04781460E4614461F464FF000082B
:105710003B4608222146304605F028FF012802D0EA
:105720004FF003080FE0B4F5964F01D9232503E0AD
:1057300060000649B1FBF0F5A8B205F065FF01284D
:1057400001D04FF003084046BDE8F087A07F170066
:105750002DE9F04104460D46164600271148008801
:10576000FF2800DC04E0A3220FA118A0FCF74EFEE6
:105770000C480088042810DB0A4801881D4805F001
:10578000C5FC50B91B480078207006480088C01E30
:1057900030801848401C286000E005273846BDE8E6
:1057A000F0810000860200202E2E5C50726F746F14
:1057B000636F6C5C667265656D6F646275735C7255
:1057C00074755C6D627274752E630000757352633C
:1057D00076427566666572506F73203C204D425F5D
:1057E0005345525F5044555F53495A455F4D4158A8
:1057F00000000000200F00202DE9F04105460E4674
:1058000017464FF0000819480078012829D1701E6A
:10581000174908600120174908801548006805707D
:105820000846008838440880084601881048006807
:1058300005F06CFC04460F490888411C0D4B19808B
:105840000D490C54221219460888411C19800A4936
:105850000A540120094908700121002005F0E2FDE9
:1058600001E04FF005084046BDE8F0817D020020D0
:105870008002002084020020200F00207C020020F3
:1058800010B50020044908700021012005F0CAFD70
:1058900005F00CFE10BD00007D02002010B50021B7
:1058A000084605F0BFFD05F0F1FD10BD10B503463B
:1058B0000C460BB104B10AB9022010BD601E81B2C2
:1058C000062904D2C1F1060080B2904201DA01201B
:1058D000F3E70EE0094830F81100001203F8010B5D
:1058E000064810F8110003F8010B481C81B2501E45
:1058F00082B2002AEED10020DFE700002010002055
:105900002DE9F0410746134C00250DE0C5EBC5031A
:10591000226802EB8300E1698847804642462946B7
:105920003846FDF7BCFB6D1CA088A842EEDC26695A
:10593000A5880AE0301DE16988478046424629462D
:105940003846FDF7ACFB36686D1C002EF2D1BDE881
:10595000F0810000280700202DE9F04782460D461F
:1059600016461F46DDE90889114CB9F1000F02D037
:10597000B8F1000F02D10020BDE8F0873C2120469D
:10598000FBF78EFCC4F800A0A580A660A781C4F830
:105990001890C4F81C80002084F830004FF6FF7087
:1059A0006086002060634FF4FA70A0630120E3E793
:1059B000280700201CB5044600200090019068468E
:1059C000FFF79EFF2146684600F05EF81CBD2DE9FA
:1059D000FC4707460D4616461C46DDF82880214642
:1059E0003046FDF785FB00F0FF0921462846FDF70C
:1059F0007FFB00F0FF0A002043464A465146CDE9AE
:105A00000040384601F082FDBDE8FC872DE9FF47E4
:105A100006460F4615461C46DDF8308000200290F1
:105A2000039040212046FDF76EFB08B9BDE8FF87D3
:105A300040232246294602A8FDF71EFB40222146AC
:105A400002A8FDF743FB08B9012000E000208146D1
:105A500040232246394602A8FDF70EFB402221468C
:105A600002A8FDF733FB08B9012000E000208246C0
:105A70000120811E43464A46CDE90010514630467A
:105A800001F044FD00BFD1E72DE9FE4F07468846EF
:105A90006C4C94F8300000F0010ABAF1000F0ED0FF
:105AA00004F1280B402002900298401E012202EBD4
:105AB000501081005846FBF7F3FB00BF00BFBAF15E
:105AC000000F49D0002521E000200190029005EB55
:105AD000C501A06800EB810B40235A46394601A856
:105AE000FDF7CAFA4022594601A8FDF7EFFA08B9B6
:105AF000012000E000200090009830B140235A4679
:105B000004F128010846FDF728FB6D1CA089A84276
:105B1000DADC66691EE000200190029006F1040BB9
:105B200040235A46394601A8FDF7A6FA40225946B5
:105B300001A8FDF7CBFA08B9012000E00020009091
:105B4000009830B140235A4604F128010846FDF779
:105B500004FB3668002EDED1002518E0BAF1000FF4
:105B600006D0294604F12800FDF7C2FA00B10DE085
:105B7000CDF80080C5EBC502216801EB82002B4601
:105B80003A4604F12001FFF722FF00BF6D1CA088F8
:105B9000A842E3DCD4F81090A58817E0BAF1000F12
:105BA00006D0294604F12800FDF7A2FA00B10AE068
:105BB0002B463A4604F1200109F10400CDF800809B
:105BC000FFF705FF00BFD9F800906D1CB9F1000F79
:105BD000E4D1002512E0CDF8008005EBC502A168F4
:105BE00001EB820305EBC50201EB820101F1080024
:105BF0003A4604F12001FFF709FF6D1CA089A84275
:105C0000E9DC66690AE0331D3A4604F1200106F139
:105C10000C00CDF80080FFF7F9FE3668002EF2D1B7
:105C200004F120004FF0400B0290ABF10100012184
:105C300001EB5010820039460298FBF718FB00BFB9
:105C4000BDE8FE8F280700200246501A704700006A
:105C50000149086070470000143C01400146044AB5
:105C600012680A400AB1012000E0002070470000DD
:105C7000143C014070B50446204600F0BEF90546CC
:105C80000DB900202060284670BD00000246012AA0
:105C900001DB0B207047074850F822300BB1002081
:105CA000187009B100200870024840F82210002046
:105CB000F0E700005C0000202DE9F743ADF50C7D16
:105CC000054616460020286006F01F0626F0010251
:105CD00083A98DA8FEF734F9074680A88990CDF8EE
:105CE00028D227B983A88D9900F06CFB0746889CC1
:105CF0000FB904B9062706F01C00002858D04FB190
:105D0000042F03D183A8FEF794FE074646F0080649
:105D1000889C09E0E07A00F0110008B1072703E051
:105D200006F0040000B10827002F40D106F008005B
:105D300000283CD000F05EFC804684F80E804FEADC
:105D40001821E1734FEA184121744FEA1861617418
:105D50000020E072207700216177A177E177A17EB2
:105D6000E07E41EA0021227D607D42EA002041EA96
:105D700000490020A0760021E176207561750120A0
:105D800083990871B9F1000F11D08398D0F82C8055
:105D90004946839802F0F6F9074647B9A9F1010090
:105DA0008399C8604146839801F08EF807460EE05B
:105DB0006FB9E07A00F0100008B1042707E006F0A0
:105DC000020020B1E07A00F0010000B1072747B9D6
:105DD00006F0080008B146F020068398C06AE86122
:105DE0002C62F7B9AE71A17EE07E41EA0021227DEE
:105DF000607D42EA002041EA00402861E07F010620
:105E0000A07F41EA0041607F41EA0020217F0843F2
:105E1000E8600020A860A861839828608398C08803
:105E2000A88038460DF50F7DBDE8F0832DE9FF4FC2
:105E300083B0044615469A46DDF810B00020CAF833
:105E40000000A188206805F047FB0290029818B175
:105E5000029807B0BDE8F08FA07900F0800008B18B
:105E60000220F6E7A07900F0010008B90720F0E76A
:105E7000D4E90210401A00900098854200D9009D94
:105E8000B6E02089C0F3080000287DD12068807822
:105E9000401EA16800EA512000F0FF09B9F1000F8F
:105EA0001DD1A06810B92069019004E061692068E3
:105EB00000F02EFB01900198022805D2A07940F055
:105EC0008000A0710220C4E70198401C28B9A07985
:105ED00040F08000A0710120BBE70198606161691A
:105EE0002068FEF7F7F906462EB9A07940F0800049
:105EF000A0710220ADE74E444FEA5528B8F1000FDB
:105F00002DD009EB080021688978884203D92068E0
:105F10008078A0EB090808F0FF0321684878324632
:105F20005946FEF7E0FE28B1A07940F08000A0714C
:105F300001208EE7A07900F0400068B1A069801BC5
:105F4000404509D2A169891B0BEB41204FF4007237
:105F500004F1240100F08FFF4FEA48273EE0A069DA
:105F6000B04227D0A07900F04000A0B12168487865
:105F7000012304F12401A269FEF7E3FE38B1A07900
:105F800040F08000A07100E015E0012061E7A079F9
:105F900020F04000A071216848780123324604F1C6
:105FA0002401FEF7A0FE28B1A07940F08000A07186
:105FB00001204EE7A6612089C0F30800C0F50077F4
:105FC000AF4200D92F462089C0F3080204F1240013
:105FD00011183A46584600F04EFF00BFBB44A06877
:105FE0003844A060DAF800003844CAF80000ED1B1D
:105FF000002D7FF446AF00202BE72DE9F041044649
:10600000A188206805F068FA0746002F4FD1A079D3
:1060100000F0200000284AD0A07900F0400078B1BC
:1060200021684878012304F12401A269FEF789FE62
:1060300010B10120BDE8F081A07920F04000A071EE
:10604000E169206800F040FF0746002F2FD1256A44
:10605000E87A40F02000E872207B2877A089010AC6
:106060006977E068010CA977E068010EE977207C88
:10607000A876208A010AE9762069000C2875206933
:10608000010E697500F0B6FA0646AE75310AE9757B
:10609000310C2976310E6976A07920F02000A071AC
:1060A000012021680871206804F0BFFB07463846CC
:1060B000C0E72DE9FF4F83B0044615469B46049880
:1060C00001900020CBF80000A188206805F004FAB8
:1060D0000290029818B1029807B0BDE8F08FA0793D
:1060E00000F0800008B10220F6E7A07900F002007D
:1060F00008B90720F0E7E0682844E168884200D248
:106100000025CDE02089C0F30800002877D1206861
:106110008078401EA16800EA512000F0FF0ABAF121
:10612000000F2AD1A06858B9D4F81080B8F1000F38
:106130000BD100212068FEF74EF98046206104E073
:1061400061692068FEF747F98046B8F1000F00D179
:10615000A9E0B8F1010F05D1A07940F08000A0714D
:106160000220B9E708F1010028B9A07940F08000C9
:10617000A0710120B0E7C4F81480A07900F04000BD
:1061800090B121684878012304F12401A269FEF747
:10619000D8FD28B1A07940F08000A07101209BE7D4
:1061A000A07920F04000A07161692068FEF792F8A4
:1061B00006462EB9A07940F08000A07102208BE73E
:1061C00056444FEA5529B9F1000F2FD00AEB0900C8
:1061D00021688978884203D920688078A0EB0A0971
:1061E00009F0FF032168487832460199FEF7A9FDBE
:1061F00030B1A07940F08000A07101206CE72CE064
:10620000A069801B48450ED2A069801B019A02EB51
:1062100040214FF4007204F1240000F02CFEA0791C
:1062200020F04000A0714FEA49272DE0A069B0425C
:1062300012D0D4E9020188420ED2216848780123A5
:10624000324604F12401FEF74EFD28B1A07940F05A
:106250008000A07101203FE7A6612089C0F30800FB
:10626000C0F50077AF4200D92F462189C1F308025B
:1062700004F1240150183A46019900F0FCFDA07980
:1062800040F04000A07100BF019838440190A06820
:106290003844A060DBF800003844CBF80000ED1B68
:1062A000002D7FF42FAF00BFD4E90201884201D94D
:1062B000A068E060A07940F02000A07100200BE70A
:1062C00010B50246802A01DA10461BE051B1FF2AC0
:1062D00001DD002304E0A2F180030B4C34F81330FD
:1062E00018460FE0002007E0074B33F810309342C8
:1062F00000D103E0431C98B28028F5DB00BF00F119
:106300008003D8B210BD0000E2C30108024600219C
:1063100000E0491C094830F8110020B1074830F866
:1063200011009042F5D1054830F8110018B1044829
:1063300030F8110070471046FCE70000E2C4010885
:10634000C2C60108F0B504461D464D730F27CF7233
:1063500000270F738F76BC4681F81BC0571E07EBD2
:10636000870C0CEBC706002738463B4600BF4FF6AC
:10637000FF77B84203D03746761C34F81700DFF8B1
:1063800040C01CF803C001F80C000712DFF830C051
:106390001CF803C08C448CF8017008B94FF6FF70EC
:1063A0005F1C3B460D2FE2D34FF6FF77B84202D079
:1063B00034F816700FB942F040020A70F0BD0000C8
:1063C00054C301082DE9F3410446019800782F28B1
:1063D00003D0019800785C2802D10198401C0190FC
:1063E0000020A06001980078202807D200212046D4
:1063F000FEF7E5FB0646002060612FE000BF01A923
:106400002046FEF74DF8064606B126E02046FEF788
:1064100015FA0646A069C77A46B1042E00D01CE0E2
:1064200000BF07F0040000B9052616E007F00400DD
:1064300000B112E06569E87A00F0100008B905269D
:106440000BE0A97EE87E41EA00212A7D687D42EAD0
:10645000002041EA0040A060D1E700BF3046BDE81F
:10646000FC814FF0407070472DE9FC4780468A461A
:1064700017461C460B225146404600F0FCFC052CFA
:106480000ADD00BF601000EBC43137F8022B88181A
:1064900084B238880028F5D1072500BF2046E117CF
:1064A00004EB11710911A4EB0111303101F0FF0966
:1064B000B9F1390F03DD09F1070000F0FF092846A3
:1064C0006D1E0DF800902046E11704EB1171C1F329
:1064D0000F14002CE2D17E200DF80500002600E00C
:1064E000761CAE4203D218F806002028F8D100BF6F
:1064F000082D04D228466D1C1DF8000000E0202065
:106500003146761C08F80100082EF1D3BDE8FC875F
:106510002DE9F04105460C46022C02D3A869A042A1
:1065200002D80120BDE8F0812878012804D0022893
:106530002CD003285AD13DE0274607EB5707286A9D
:1065400000EB5721284600F0BFFC00B14EE0C7F336
:10655000080105F1300010F801807F1C286A00EB6B
:106560005721284600F0B0FC00B13FE0C7F3080116
:1065700005F13000405C48EA002804F0010010B149
:106580004FEA1810CEE7C8F30B00CBE7286A00EB00
:106590001421284600F098FC00B127E040F2FF10DB
:1065A00000EA440105F130000E183078717840EAB5
:1065B0000120B7E7286A00EBD411284600F084FCDC
:1065C00000B113E040F2FF1000EA840105F1300051
:1065D0000E18F0780006B17840EA0140717840EA80
:1065E00001203178084320F070409BE700BF4FF056
:1065F000FF3097E7002070472DE9F04700210C4657
:106600000D4600F007FE06464FF0000915E0FDF7C5
:1066100071FC0E4A1268871841F100010C480268AB
:1066200000233846FAF7F2FD0A4A13685268C41884
:1066300041EB0205304600F09BFEB9F1000009F184
:106640000409E4D020462946BDE8F087AC020020CA
:10665000A8020020B80200202DE9F04100210C46DC
:106660000D4600F0D7FD0646002718E0FDF742FC76
:106670000F4A13685268C41841EB02050D490868B7
:106680004968201A75EB010003DA0A480468456876
:1066900002E0084804604560304600F069FE381E9C
:1066A00007F10407E2D020462946BDE8F08100004A
:1066B000C802002098020020F0B503461C6A5D6AFB
:1066C00000200DE00126864016403EB187000F26CF
:1066D000BE40B443860001FA06F63443461CB0B20D
:1066E0000828EFD3082011E00126864016405EB14D
:1066F000A0F10806B7000F26BE40B543A0F108067A
:10670000B60001FA06F63543461CB0B21028EBD3AA
:106710001C625D62F0BD816270478161704700005C
:1067200010B54FF4F8520C211848FFF7C5FF0422AA
:106730000C211748FFF7C0FF4FF4706301220221BC
:10674000124800F030F84FF47063012200210F4826
:1067500000F050F84FF48053002202210B4800F063
:1067600022F84FF4805301220021084800F042F83B
:10677000042301220221064800F015F80423012217
:106780000021034800F036F810BD00000008024068
:10679000000C02400246002013690B400BB101209F
:1067A00000E000207047F0B504460D46164621680B
:1067B000E268002019E0012787401F409FB14FEA9F
:1067C000400C032707FA0CF7B943470005FA07F70F
:1067D00039434FEA400C032707FA0CF7BA43470046
:1067E00006FA07F73A43471CB8B21028E3D32160F2
:1067F000E260F0BDF0B50C461546012C03D14668A9
:106800001E43466002E046689E434660826800215F
:106810000DE001268E401E403EB14F000326BE40D3
:10682000B2434E0005FA06F632434E1CB1B21029AF
:10683000EFD38260F0BD0A460021016821F4806137
:1068400011430160704700002DE9F05F04460E46D9
:106850009346022001F0DCFA07463148B7FBF0F915
:10686000B9F13C0F01D34FF03C09D4F804A02AF051
:106870003F0A4AEA090AC4F804A02A4886421ED8F8
:106880002748B7FBF0F000F10108B8F13C0F02D344
:106890003C20206207E0B8F1020F02D802202062FB
:1068A00001E0C4F820807000B7FBF0F5042D00D2A1
:1068B0000425E069C5F30B010843E0612EE01A48A6
:1068C00086422BD84FF4967009FB00F04FF47A7192
:1068D000B0FBF1F0401C2062BBF1000F08D106EBC9
:1068E0004600B7FBF0F5E06920F48040E06109E084
:1068F00006EBC60000EB0610B7FBF0F5E06940F4CC
:106900008040E061C5F30B0008B945F00105E0697E
:1069100040F40040E061E0692843E061BDE8F09F99
:1069200040420F00A0860100801A060010B5044600
:106930001348204430B1B0F5806F0CD0B0F5006F33
:106940001BD111E040F6150001F0FEFB40F61500EA
:1069500001F0E8FB12E040F6160001F0F5FB40F60E
:10696000160001F0DFFB09E040F6170001F0ECFB38
:1069700040F6170001F0D6FB00E000BF00BF10BDDD
:1069800000ACFFBF0A460021416821F400611143B9
:1069900041607047016841F001010160704710B526
:1069A00040F20152914202D1426982690AE000EB51
:1069B0009112126801F01F040123A3409A4300EBD7
:1069C00091131A6010BD30B5024602EB91131B689B
:1069D00001F01F050124AC4023400BB1012000E071
:1069E000002030BD12F1020F02D121F0010101E0BF
:1069F00041F001010161704730B50C46002101688A
:106A000021F0020121430160C3F3090342EA0305B7
:106A1000856030BD016841F4807101607047016894
:106A200041F40071016070472DE9F04104460025F2
:106A300000F0F0FB0646002708E0204600F005FCC9
:106A4000054600F0DFFB304600F092FC381E07F1EF
:106A50000407F2D004F020FB0021094A11605160C4
:106A6000084A11605160084A116051600020074ACD
:106A700010605060FBF718FD2846BDE8F08100006B
:106A8000C8020020B8020020C002002098020020A6
:106A900010B500BF4FF480701949086000BF04F0C2
:106AA00029F840B100BF00BF4FF4007014491439F9
:106AB000086000BF08E000BF00BF4FF4007010493D
:106AC000091F086000BF00BF00BF00BF4FF4806017
:106AD0000B49091F086000BF00BF00BF00BF400096
:106AE000086000BF00BF00BF00BF4000086000BFDB
:106AF00000BF00BF00BF4000086000BF00BF10BD66
:106B00002C0C024000BF3D483D490860BFF34F8F49
:106B100004F030F90020FFF787FFC820FDF764FE7E
:106B2000FFF79FFCFCF70CFDFCF712FCFCF746FDA1
:106B3000FCF766FCFCF712FF32A1364800F0FEF9C4
:106B400035A1344800F0FAF9FCF7A6FC38A1314829
:106B500000F0F4F93BA12F4800F0F0F9FCF762FBDC
:106B60003DA12C4800F0EAF940A12A4800F0E6F9DE
:106B7000FCF716FC42A1274800F0E0F945A12548A2
:106B800000F0DCF9FCF70AFB48A1224800F0D6F936
:106B90004BA1204800F0D2F9FCF7E8FD4DA11D48BB
:106BA00000F0CCF902F0CCFAFCF754FA4EA11948E7
:106BB00000F0C4F9FBF774F851A1164800F0BEF9D3
:106BC00002F0D6FB03F0B2FF03F09AFE03F0E8FEFA
:106BD00000F006F928B14FA10E4800F0AFF900BF50
:106BE000FEE754A10B4800F0A9F901F031FC03E0E5
:106BF00000F008F901F032FCFAE70000001001088B
:106C000008ED00E0424F4F543A2073746172740DE6
:106C10000A00000000100140424F4F543A206764C0
:106C2000333020696E69742E2E2E0D0A000000008C
:106C3000424F4F543A206764333020646F6E650DC5
:106C40000A000000424F4F543A2061646320696E8D
:106C500069742E2E2E0D0A00424F4F543A20616463
:106C60006320646F6E650D0A00000000424F4F54B0
:106C70003A2064616320696E69742E2E2E0D0A001D
:106C8000424F4F543A2064616320646F6E650D0A71
:106C900000000000424F4F543A2061646331206984
:106CA0006E69742E2E2E0D0A00000000424F4F54C4
:106CB0003A206164633120646F6E650D0A00000044
:106CC000424F4F543A2072746320696E69742E2EBD
:106CD0002E0D0A00424F4F543A2072746320646FA5
:106CE0006E650D0A00000000424F4F543A206F6C51
:106CF000656420696E69742E2E2E0D0A0000000056
:106D0000424F4F543A206F6C656420646F6E650D7E
:106D10000A000000424F4F543A204D6F6462757371
:106D20002052545520696E6974206661696C6564EF
:106D30000D0A0000424F4F543A204D6F6462757344
:106D400020525455207265616479206F6E2055532E
:106D5000415254312F52533438350D0A000000008F
:106D600010B50849084804F017FB10B1074800683F
:106D700080470749044804F00FFB10B1054800683C
:106D8000804710BD0503050000440040DC010020E1
:106D900007030700E001002010B50121054804F0B9
:106DA0005AF930B10121034804F052F90248006851
:106DB000804710BD00140040E4010020002007E0DF
:106DC000054931F81010054A22F81010411C88B20C
:106DD0000628F5D37047000084CB0108201000205E
:106DE00038B5FFF7EBFF00204FF4E13302460121F5
:106DF0000090FEF779FB044614B9FEF71BFB04462E
:106E0000204638BD10B5FEF7DFFB10BD70B5012080
:106E100000F0FEFF0646022000F0FAFF04460B4891
:106E20000068C0F3822509488430006800F0807053
:106E300028B1052D01D8304670BDA000FCE7042D17
:106E400001D83046F8E76000F6E700000838024055
:106E5000F0B503461C460D46002000BF161EA2F1E9
:106E6000010207D014F8017B15F801CBA7EB0C0643
:106E7000301EF3D0F0BD70B503460C4603E014F8A5
:106E8000015B03F8015B151EA2F10102F7D170BD91
:106E900030B5034601E003F8011B141EA2F1010204
:106EA000F9D130BD30B5034607E013F8014B11F8B6
:106EB000015BAC4201D0002030BD101EA2F10104E4
:106EC000A2B2F2D10120F7E72DE9F04104460D46C8
:106ED000E66AAE422FD0207908B3607801233246AB
:106EE00004F13001FDF72DFF10B10120BDE8F08164
:106EF00000202071D4E907100844B0420FD9E77888
:106F00000AE0E069064460780123324604F130016A
:106F1000FDF717FF781EC7B2012FF2DC00BF55B195
:106F2000607801232A4604F13001FDF7DCFE08B148
:106F30000120DBE7E5620020D8E700000FB430B5A0
:106F4000ADF5017D054686A800904FF4007101A8BB
:106F5000009B859AFBF72CFA04460020009010490C
:106F6000088012E001A80E4A1288815C284604F0CD
:106F700062F900BF0721284604F0E4F90028F9D09F
:106F800007480088401C0649088005480088A04240
:106F9000E8DB20460DF5017D30BC5DF814FB0000F8
:106FA000680100202DE9F04F04460E461746404880
:106FB000006800F4E060B0F5A06F0FD006DCB0F51B
:106FC000407F0DD0B0F5806F0BD108E0B0F5C06FF9
:106FD00003D0B0F5E06F04D100BF00BF00BF00BF19
:106FE00004E04FF4A06000F067F800BF00BF00BFEE
:106FF0002F480068C0F30220034618463246BC46BC
:107000000146C1F1070ABAF1040F02D94FF0040A90
:1070100001E0C1F1070AD14601F1040ABAF1070FF4
:1070200002D24FF0000A01E0A1F1030AD0464FF06E
:10703000010A0AFA09FAAAF1010A0AEA020A0AFA94
:1070400008FA4FF0010B0BFA08FBABF1010B0BEA4E
:107050000C0B4AEA0B0500BF21462846002906DB37
:1070600002074FEA126C134A02F801C00AE0020755
:107070004FEA12680E4A0C3201F00F0CACF1040C0E
:1070800002F80C8000BF204600280DDB00BF00BFC7
:1070900000F01F02012191404209920002F1E0221A
:1070A000C2F8001100BF00BF00BFBDE8F08F0000B4
:1070B0000CED00E000E400E002490143024A1160E7
:1070C000704700000000FA050CED00E00FB470B549
:1070D000ADF5027D04460D4689A801904FF400717C
:1070E00002A8019B889AFBF763F9064600200190ED
:1070F000102302AA29462046FAF754FE30460DF521
:10710000027D70BC5DF814FB10B50AA20021084690
:10711000FFF7DCFF03F0EEFC28B109A202210020FA
:10712000FFF7D4FF04E009A202210020FFF7CEFF01
:1071300010BD00003230323638333430393500007B
:107140004175746F53616D706C65000049444C4526
:10715000202020202020000010B5044615E040F239
:1071600001510D48FFF72FFC012800D110BD40F25E
:107170000A510948FFF727FC012806D140F20A51BD
:107180000548FFF70CFC0020F0E7201EA4F10104E5
:10719000E5D100BFEAE700000054004070B50546A5
:1071A0000E46144607E0202231462846FDF7B6FE7B
:1071B000012800D170BD201EA4F10104F3D100BF4D
:1071C000F8E770B505460E46144606E031462846F7
:1071D000FFF7F9FB012800D170BD201EA4F10104C6
:1071E000F4D100BFF8E7024605E0106800F4007033
:1071F00008B901207047081EA1F10101F5D100BFB7
:10720000F8E700004FF00070014908607047000087
:1072100004ED00E000BFEFF31081084672B670473E
:107220004FF0E020416900228069081A62EB0201F8
:107230007047000001480068704700008C02002081
:107240004FF0E02040690021704730B5014600BF93
:1072500001B120E000BF00BFEFF31084234672B6F7
:1072600000BF1846002211E000234FF0E024236104
:107270006FF07F4363610023A3610723236100BF95
:1072800000BF80F3108800BF00BF00BF131E02F1D3
:107290000402E9D000BF00BF012030BD2DE9F04756
:1072A000FFF7CEFF441C41F1000526480168406805
:1072B00009196841234A1160506000BF22480068E4
:1072C00010EB040845F100092048026800234046FD
:1072D0004946F9F79BFF06460F461D48016840687E
:1072E000891978411A4A1160506018480068A6FB55
:1072F0000001B8EB00001449086000BF00BF15484A
:10730000006810EB040845F10009134802680023E7
:1073100040464946F9F77AFF06460F460F4801688E
:107320004068891978410D4A116050600A48006828
:10733000A6FB0001B8EB00000649086000BFBDE8ED
:10734000F0870000C8020020AC020020A802002044
:10735000B8020020B0020020A4020020C0020020D9
:1073600002480068C0F380607047000004ED00E050
:1073700000BF80F3108800BF70470000034800681A
:1073800040F48070014908607047000000700040C0
:1073900002293BD10288072A36D2DFE802F0040B2B
:1073A000121920272E0000BF4FF48072184B1A606C
:1073B00000BF2AE000BF4FF40072154B1A6000BFF7
:1073C00023E000BF4FF48062114B1A6000BF1CE045
:1073D00000BF4FF400620E4B1A6000BF15E000BF03
:1073E0004FF480520A4B1A6000BF0EE000BF4FF40A
:1073F0000052074B1A6000BF07E000BF4FF4005275
:10740000034B1A6000BF00E000BF00BF70470000E0
:107410002C0C024010B504462088072848D2DFE82B
:1074200000F0040E18222C353E004FF40041214894
:10743000FFF7B0F908B9012010BD0020FCE74FF4B8
:1074400000511C48FFF7A6F908B90120F4E7002015
:10745000F2E74FF400611748FFF79CF908B90120E3
:10746000EAE70020E8E74FF400711248FFF792F9CD
:1074700008B90120E0E70020DEE780210D48FFF792
:1074800089F908B90120D7E70020D5E701210A488A
:10749000FFF780F908B90120CEE70020CCE70121F1
:1074A0000648FFF777F908B90120C5E70020C3E7D0
:1074B0000020C1E70010024000040240000002402A
:1074C00030B50446104A00230EE003EBC305906874
:1074D00000EB85000089A04205D103EBC30590684D
:1074E00000EB850030BD5B1C90899842EDDC516952
:1074F00005E08889A04201D1081DF3E70968002949
:10750000F7D10020EEE70000280700202DE9F84F12
:1075100004468A4691461E46DDE90A87D74DA06992
:1075200008B9BDE8F88FD14507D0A660B9F1000FC2
:1075300003D0A07840F00200A070B9F1000F7DD018
:10754000A07800F00100002853D13046A168FEF772
:107550007BFBA169098888424ADBE08A002837DD85
:1075600030462169FEF770FBA169098988422FDB4B
:1075700000200090D7B9A86BC0B13046696BFEF708
:1075800063FBA96B884211D2688EFFF799FF83468F
:10759000BBF1000F09D0B8F1000F06DB4146584699
:1075A000FBF7A6FD08B10120009000BF009860B96C
:1075B000E07800F0040040B1012F02D120886886F5
:1075C0006E6302212046AA6990470020E08200BF36
:1075D000E6600020A082A07840F00100A070E07872
:1075E00000F0010018B100212046AA6990476660AA
:1075F00041E10FE0A1694989E0680844E060A08AA0
:10760000401CA082E07800F0080018B10321204659
:10761000AA699047A0694089002807DD3046E168E3
:10762000FEF712FBA16949898842E3DAE08A002863
:10763000DEDD30466168FEF707FB00E033E0A1695C
:10764000C9888842D4DD00200090D7B9A86BC0B1AA
:107650003046696BFEF7F8FAA96B884211D2688E42
:10766000FFF72EFF8346BBF1000F09D0B8F1000FE2
:1076700006DB41465846FBF73BFD08B10120009070
:1076800000BF009860B9E07800F0040040B1012F1D
:1076900002D1208868866E6302212046AA6990473D
:1076A0000020E082E7E0A07800F0010000287CD014
:1076B0003046A168FEF7C8FAA1694988884297DB7D
:1076C000A07820F00100A070E07800F0020018B16E
:1076D00001212046AA69904730466168FEF7B4FA56
:1076E000A169898888420CDB30466168FEF7ACFAF4
:1076F000A169C988884204DCE08A401CE0822661D6
:107700003AE0E08A002835DD30466168FEF79CFAF1
:10771000A169898888422DDA00200090D7B9A86B2A
:10772000C0B13046696BFEF78FFAA96B884211D25F
:10773000688EFFF7C5FE8346BBF1000F09D0B8F194
:10774000000F06DB41465846FBF7D2FC08B101208A
:10775000009000BF009860B9E07800F0040040B1EC
:10776000012F02D1208868866E6302212046AA6913
:10777000904700BF0020E082E08A002836DDE08AE2
:10778000A1698989884231D100200090E7B9A86BAE
:10779000D0B13046696BFEF757FAA96B884213D215
:1077A000688EFFF78DFE834600E021E0BBF1000FFD
:1077B00009D0B8F1000F06DB41465846FBF798FCAC
:1077C00008B10120009000BF009860B9E07800F097
:1077D000040040B1012F02D1208868866E63022127
:1077E0002046AA6990470020E08200BF666042E020
:1077F000E08A002837DD30462169FEF725FAA169C5
:107800000989884237DB00200090D7B9A86BC0B146
:107810003046696BFEF718FAA96B884211D2688E60
:10782000FFF74EFE8346BBF1000F09D0B8F1000F01
:1078300006DB41465846FBF75BFC08B1012000908F
:1078400000BF009860B9E07800F0040040B1012F5B
:1078500002D1208868866E6302212046AA6990477B
:107860000020E08207E0A07800F0020018B1A078C4
:1078700020F00200A07000BF53E60000280700209F
:10788000014621B1012904D0072906D103E00020D7
:1078900005E0022003E0062001E0042000BF00BF55
:1078A0007047000010B5F0EE400A324B93ED000A2D
:1078B000B4EEE00AF1EE10FA03DB184600F108021C
:1078C00032E02C4B93ED140AB4EEE00AF1EE10FA1C
:1078D00004D803F1480000F1080225E025484830AB
:1078E00000F1080200211CE0224B03EBC10393EDE1
:1078F000000AB4EEE00AF1EE10FA11D81D4C4B1C50
:1079000004EBC30393ED000AB4EEE00AF1EE10FAC3
:1079100006DB234603EBC1004B1C04EBC30202E071
:10792000491C0A29E0D300BF92ED000A90ED001A2D
:10793000B4EE410AF1EE10FA02D190ED010A10BD49
:1079400092ED010A90ED011A30EE410A90ED001A15
:1079500030EEC11A20EE010A92ED001AD0ED001AA5
:1079600071EE611A80EE211A90ED010A31EE000AE3
:10797000E5E700002CC9010810B52DED068BB0EE2F
:10798000408A9FED1A0AF0EE409A9FED190AB0EE78
:1079900040AA9FED180AF0EE40AA9FED140AC8EE27
:1079A000000AB0EE609AB7EE000A70EE490A9FED49
:1079B000120A9FED121A01EE600AF0EE408AF5EE0F
:1079C000C08AF1EE10FA04D29FED0D0ABDEC068BD1
:1079D00010BDB0EE680AFAF745FDDFED0A0A70EE59
:1079E000200A9FED091A80EE810AEFE70000C842E5
:1079F0003211803B7F051BB5662280377F051BB6A1
:107A000000C079C4321180BB7F059BB52DE9F047DA
:107A100005460E461746022E02D3A869B04202D888
:107A20004FF002088AE02878012804D0022841D0CB
:107A300003287DD154E0B14609EB5909286A00EBCF
:107A400059212846FFF740FA8046B8F1000F00D0D0
:107A500071E0C9F3080105F130000C1806F00100CF
:107A600020B1F9B2207861F31F1000E03846207091
:107A700009F1010901202871286A00EB59212846E3
:107A8000FFF722FA8046B8F1000F00D053E0C9F3A7
:107A9000080105F130000C1806F0010010B1C7F321
:107AA000071005E0207800F0F000C7F30321084339
:107AB000207040E0286A00EB16212846FFF704FA00
:107AC0008046B8F1000F00D035E040F2FF1000EA28
:107AD000460105F130000C182770380A60702AE062
:107AE000286A00EBD6112846FFF7EEF98046B8F178
:107AF000000F00D01FE040F2FF1000EA860105F100
:107B000030000C18E0780006A17840EA0140617866
:107B100040EA01202178084300F0704007432770B5
:107B2000380A6070380CA070380EE07003E0FFE790
:107B30004FF0020800BF00BF012028714046BDE899
:107B4000F08700002DE9F04105461D27002400269E
:107B50001A48046801E01948046804F04500002848
:107B6000F9D004F0010030B11127012002F04EFBE2
:107B70003846BDE8F08104F0040028B11327042042
:107B800002F044FB3846F4E702F0AAFAA84202D019
:107B900008273846EDE70A4802F038FB002002F0DB
:107BA0007BFB06460748304010B91D273846E0E702
:107BB000304600F009F807463846DAE7342C014031
:107BC000FF07C00008E0F9FD01461C2001F000425B
:107BD0000AB100204EE001F080420AB1012049E0E4
:107BE00001F000520AB1022044E001F080520AB1D3
:107BF00003203FE001F000620AB104203AE001F006
:107C000080620AB1052035E001F080720AB10620D9
:107C100030E001F400020AB107202BE001F48002F9
:107C20000AB1082026E001F400120AB1092021E07F
:107C300001F480120AB10A201CE001F400220AB10A
:107C40000B2017E001F480320AB10C2012E001F49D
:107C500000420AB10D200DE001F480420AB10E206D
:107C600008E001F400520AB10F2003E001F008021D
:107C700002B110207047000070B51D250024104887
:107C8000046801E00E48046804F045000028F9D0BB
:107C900004F0010028B11125012002F0B7FA2846AE
:107CA00070BD04F0040028B11325042002F0AEFAE0
:107CB0002846F5E7034802F0A9FA2846F0E7000055
:107CC000342C0140FF07C00070B51D2500240B486F
:107CD000046801E00948046804F045000028F9D070
:107CE00004F0040028B11325042002F08FFA28467E
:107CF00070BD034802F08AFA2846F9E7342C0140A7
:107D0000FF07C0002DE9F04107460E464FF01D0861
:107D1000002500242348056801E02248056805F095
:107D200045000028F9D005F0010038B14FF01108E6
:107D3000012002F06BFA4046BDE8F08105F0040036
:107D400030B14FF01308042002F060FA4046F3E728
:107D500002F0C6F9B84203D04FF008084046EBE7FE
:107D6000114802F053FA002002F096FA044604F497
:107D7000604018B9200C30804046DDE704F4004034
:107D800010B14FF007080AE004F4804010B14FF042
:107D9000080804E004F4005008B14FF00B08404616
:107DA000CAE70000342C0140FF07C00070B51C2654
:107DB000002442F210751048046802E00E4804687E
:107DC0006D1E04F0450008B9002DF7D104F0040041
:107DD00000B92DB91326042002F018FA304670BD00
:107DE00004F0400028B11D26402002F00FFA304672
:107DF000F5E73046F3E70000342C01400348006803
:107E000040F08070014908607047000074380240FB
:107E10002DE9F04F8CB0064600200A903EA090E875
:107E2000004CC068CDE905BECDF810A007900FF258
:107E3000EC0ADAE9000ACDE9020A0FF2E00ADAE90F
:107E4000000ACDE9000A38480068C0F381000B90B1
:107E50000B9820B1012804D0022828D103E033492F
:107E600027E0334925E03048001F006800F03F0755
:107E70002D48001F0068C0F3881C2B48001F0068B5
:107E8000C0F30140401C4FEA40092748001F00682A
:107E900000F48008B8F5800F01D1254B00E0234B9A
:107EA000B3FBF7F000FB0CF0B0FBF9F101E01F4968
:107EB00000BF00BF1C480068C0F3031404A8055DA0
:107EC00021FA05F218480068C0F3822402A8055D73
:107ED00022FA05F0099014480068C0F342341DF8F6
:107EE000045022FA05F0089036B1012E06D0022E79
:107EF00006D0032E0AD106E00A9108E00A9206E0B5
:107F000009980A9003E008980A9000E000BF00BFBB
:107F10000A980CB0BDE8F08F0000000000000000DF
:107F20000102030406070809083802400024F4008F
:107F300040787D0110B540F6024000F0E1F840F6CF
:107F4000034000F0DDF841F20B1000F0D9F840F6E4
:107F5000164000F0D5F810BD10B501460020074BC3
:107F600003EB9112D2F8002801F01F040123A34073
:107F70001A400AB1012000E0002010BD003002408C
:107F8000074A02EB9011D1F8001800F01F030122FC
:107F90009A401143024B03EB9012C2F8001870474D
:107FA00000300240F0B506460024002700251C2EB4
:107FB0007DD007DCB6B3102E10D0182E67D01A2E45
:107FC00076D176E0B6F5E05F19D0B6F5E85F4CD033
:107FD000A6F5405010380028F2D134E004E011201A
:107FE000FFF7BAFF0546641C1DB94FF6FF708442C7
:107FF000F5D11120FFF7B0FF00B101277AE005E0CD
:1080000041F60140FFF7A8FF0546641C1DB96FF05B
:1080100070408442F4D141F60140FFF79DFF00B16A
:10802000012767E0FFE704E00120FFF795FF054621
:10803000641C15B9B4F5A06FF6D10120FFF78CFFD1
:1080400000B1012756E005E043F21100FFF784FF7D
:108050000546641C15B929488442F5D143F2110044
:10806000FFF77AFF00B1012744E005E041F6015037
:10807000FFF772FF0546641C15B920488442F5D10C
:1080800041F60150FFF768FF00B1012732E004E03C
:108090001920FFF761FF0546641C15B91748844293
:1080A000F6D11920FFF758FF00B1012722E010E0B8
:1080B0001FE004E01B20FFF74FFF0546641C15B9C5
:1080C0000E488442F6D11B20FFF746FF00B101277E
:1080D00010E004E01D20FFF73FFF0546641C15B9C2
:1080E00006488442F6D11D20FFF736FF00B1012774
:1080F00000E000BF00BF3846F0BD0000FFFF0F00EA
:10810000074A02EB9011D1F8001800F01F0301227A
:108110009A401143024B03EB9012C2F800187047CB
:1081200000300240074A02EB9011D1F8001800F02D
:108130001F0301229A409143024B03EB9012C2F8B5
:108140000018704700300240074A02EB9011D1F846
:10815000001800F01F0301229A401143024B03EB69
:108160009012C2F80018704700300240044A1168AB
:1081700021F4407141EA0002014B1A60704700008F
:10818000703802402DE9F04104460E46022E02D31B
:10819000A069B04201D8022725E000271FE0314640
:1081A0002046FEF7B5F9054605B91BE0012D01D1C2
:1081B000022717E0681C08B9012713E000223146A6
:1081C0002046FFF723FC074607B10BE02069401C5F
:1081D00020B12069401C2061012060712E46A069F9
:1081E000B042DCD800BF3846BDE8F08138B5002089
:1081F0000F490880002416E0002000902046FAF77E
:1082000021FF054604222946684602F08DF80949F7
:108210000098884200D008E005480088401C0449C6
:108220000880601C84B2AA2CE6D300BF38BD0000D1
:10823000AC010020EEFFC0A530B5002100220023D4
:108240000024154D29682D1D2A68134D10352B6803
:10825000114D08352C68150C0570C2F304254570C6
:1082600002F03F058570C2F34235C570C1F3054584
:108270000571C1F30625457101F07F058571C3F3D2
:1082800006450581C3F30E05458101F48005C560EF
:1082900004F04005056130BD00280040024909682E
:1082A0008143014A116070470C28004001460020BC
:1082B000024A12680A4002B1012070470C280040AF
:1082C000F0B5044600250026002720784FF47F01F2
:1082D00001EA0040E1784FF4604202EA413108438C
:1082E00061784FF4F85202EA01210843A17801F0C5
:1082F0003F0140EA010721794FF47C1202EA014173
:10830000E068084361794FF4FE4202EA0121084324
:10831000A17901F07F0140EA0106CA2018490860EE
:108320005320086000F02EF805461DB320894FF455
:10833000FE0101EA00406189C1F30E0108431049C2
:10834000143908600E4824380660001D0760001DBF
:10835000006820F040000A491C390860084600689F
:108360002169084306491C39086000F02FF800F025
:1083700037F80546FF20024908602846F0BD000096
:108380002428004008B54FF48042009200210020CC
:108390000D4A126802F040029AB90B4A126842F084
:1083A0008002094B1A6000BF074A126802F04001C0
:1083B000009A521E00920AB10029F5D011B1012095
:1083C00000E0012008BD00000C28004003480068C0
:1083D00020F0800001490860704700000C28004030
:1083E00008B54FF40042009200210020134A1268A1
:1083F00002F0200202BBCA22104B1C331A60532227
:108400001A600E4A121D126822F020020B4B1B1D2F
:108410001A6000BF094A121D126802F02001009A7A
:10842000521E00920AB10029F4D001B10120FF22AE
:10843000024B1C331A6000E0012008BD08280040F0
:1084400010B50248FFF7F8FE10BD00000407002039
:1084500005200149087070472801002070B50024EC
:108460001EE0FEF7C9F8054604EB44000F4901EB96
:108470008000406804EB44010C4A02EB81018968EA
:108480000844A8420AD804EB4400114601EB8000DE
:10849000856004EB440152F821008047601CC4B29F
:1084A000034800788442DCDB70BD00002C01002012
:1084B000280100202DE9F84F0646894614461D275D
:1084C0004FF000084FF0000A4FF0000B3546002037
:1084D00000901EB919273846BDE8F88F1D20724953
:1084E0000870002071490860714908600022114637
:1084F000104601F021FE0021084601F041FE01F086
:1085000071FE01F05BFE002001F0C6FE00F000707D
:1085100010B106273846DFE766480078022802D106
:1085200004024FEA5929601E00EA040A002C1BDDF0
:10853000B4F5006F18DCBAF1000F15D1204600F039
:10854000F3FD834640222146102001F0CFFD00209C
:1085500001F0C0FE01F0E6FD1020FFF7F3FA074638
:108560001D2F04D03846B7E719273846B4E7002056
:10857000514908604E4804605A4601684FF0FF3088
:1085800001F0DAFD0021022001F0FAFD01F034FED5
:1085900040224946112001F0A9FD002001F09AFE79
:1085A00001F0C0FD1120FFF7CDFA07461D2F01D0C5
:1085B000384691E741480068012851D111E04FF455
:1085C000004001F029FE60B14FF0000805E001F025
:1085D000D1FD45F8280008F10108B8F1080FF6D3DD
:1085E000203540F22A6001F017FE0028E7D0022073
:1085F00001F012FE28B11227022001F007FE3846D2
:108600006AE7082001F008FE28B11427082001F0CD
:10861000FDFD384660E7202001F0FEFD28B1162759
:10862000202001F0F3FD384656E74FF4007001F0CA
:10863000F3FD30B117274FF4007001F0E7FD384625
:108640004AE703E001F096FD28602D1D4FF400106D
:1086500001F0E2FD0028F5D1194801F0D7FD21E035
:1086600016480068E8B940F2293001F0F1FD01F048
:10867000AFFD21463046FCF75BFD1248009006E056
:108680000098401E0090009808B91C2024E7202282
:1086900003210D48FCF742FC20B900980028EFD1D7
:1086A00000E01927384617E750000020540000204A
:1086B00048000020400000204C0000204400002022
:1086C000FF07C000A0860100006402402DE9F04FC2
:1086D00085B081468A4614461D2500200490002658
:1086E000834603904F468046029001900090B9F176
:1086F000000F04D11925284605B0BDE8F08F1D20D4
:10870000B04908700020B0490860B04908600022F4
:108710001146104601F010FD0021084601F030FD21
:1087200001F060FD01F04AFD002001F0B5FD00F010
:10873000007010B106252846DEE7A548007802281B
:1087400002D104024FEA5A2A601E00EA040B002CF0
:108750001BDDB4F5006F18DCBBF1000F15D120460E
:1087600000F0E2FC039040222146102001F0BEFC04
:10877000002001F0AFFD01F0D5FC1020FFF7E2F979
:1087800005461D2D04D02846B6E719252846B3E72F
:1087900090480088010440220D2001F0A7FC002031
:1087A00001F098FD01F0BEFC0D20FFF7CBF9054666
:1087B0001D2D01D028469FE7002001F06DFD01909E
:1087C000854800901AE00098401E0090814800887B
:1087D000010440220D2001F089FC002001F07AFD07
:1087E00001F0A0FC0D20FFF7ADF905461D2D01D0CD
:1087F000284681E7002001F04FFD0190019800F428
:10880000807010B900980028DDD1009808B91C20AC
:1088100072E740225146182001F068FC002001F068
:1088200059FD01F07FFC1820FFF78CF905461D2D3E
:1088300001D0284660E7002068490860634804606A
:10884000039A01684FF0FF3001F076FC00210846E2
:1088500001F096FC01F0D0FC61480068012865D168
:1088600034E04FF4804001F0D7FC78B357480068FB
:10887000A0EB080020281DD254480078A0EB080087
:1088800000F0030008B1012000E000204F49096812
:10889000A1EB080100EB91000290002606E0386889
:1088A00001F07CFC3F1D08F10408761C029886420A
:1088B0000CD2F4E7002604E057F8260001F06EFC25
:1088C000761C082EF8D3203708F1200840F21A60F1
:1088D00001F0A2FC0028C4D0022001F09DFC28B1C8
:1088E0001225022001F092FC284605E7082001F03D
:1088F00093FC28B11425082001F088FC2846FBE6EB
:10890000102001F089FC28B11525102001F07EFC13
:108910002846F1E64FF4007001F07EFCA8B317255D
:108920004FF4007001F072FC2846E5E62C48006820
:1089300060BB40F21A3001F08BFC21464846FCF740
:108940000FFD01F045FC2448009006E00098401E11
:108950000090009808B91C20CEE62022032121486F
:10896000FCF7DCFA10B900980028EFD100BF1648D8
:10897000006818B9134800781D28F8D0114800780D
:108980001D2807D00F480078B6E603E0FFE7192559
:108990002846B1E6144801F039FC04A800F044FB75
:1089A000054603E004A800F03FFB05461D2D07D156
:1089B0009DF810000728F5D09DF810000628F1D08A
:1089C000284699E65000002054000020480000206E
:1089D0004000002042000020A08601004C00002042
:1089E0004400002000640240FF07C00070B5044648
:1089F0001D2522480078052802D11B25284670BD78
:108A00001E48007838B11D480078012803D01B4863
:108A10000078022830D1B4F5805F02D11B252846AA
:108A2000EDE7B4F5006F12D14FF4802000F028F884
:108A300005461D2D20D100231A461946184601F07F
:108A40002BFB204601F01AFB01F0F0FB14E094B977
:108A50004FF4803000F014F805461D2D0CD1002392
:108A60001A461946184601F017FB204601F006FB8E
:108A700001F0DCFB00E019252846C0E7400000209B
:108A800070B505461D24002001F006FC00F00070C2
:108A900010B10624204670BD36493748008801F0E1
:108AA00021FA04461D2C01D02046F4E7B5F5803F9D
:108AB0002CD130484068284028B32F480088010452
:108AC0004022372001F012FB002001F003FC01F0EE
:108AD00029FB3720FFF736F804461D2C01D020462D
:108AE000D9E740220021062001F000FB002001F020
:108AF000F1FB01F017FB0620FFF724F804461D2CBC
:108B000002D02046C7E71A242046C4E7B5F5802FD7
:108B10002CD118484068284028B317480088010421
:108B20004022372001F0E2FA002001F0D3FB01F0EF
:108B3000F9FA3720FFF706F804461D2C01D020462D
:108B4000A9E740220221062001F0D0FA002001F01E
:108B5000C1FB01F0E7FA0620FEF7F4FF04461D2CE6
:108B600002D0204697E71A24204694E7192420468D
:108B700091E70000380000204200002070B500217D
:108B80000023002400200022244D2D781DB1234D08
:108B90002D78012D2DD1224DAD88C5F3072101F08F
:108BA000030542EA85221E4D297942EA8102AD6819
:108BB000290E42EA91121A4DAD68C5F307418D079F
:108BC0006B0F174D2D89C5F3072143EAD113144DBF
:108BD0006D68C5F3074101F00F049D1C012606FADC
:108BE00005F5561C05FB06F00125A5406843800AE3
:108BF00013E00A4D2D78022D0FD1094D29798D06EC
:108C0000AA0A074DAD68290E42EA0122044DAD685B
:108C1000C5F307410A43551C680270BD400000209F
:108C20006407002030B501461D20002209B9192033
:108C300030BDA84B1B7881F83830A74B1B88A1F8B2
:108C40004430A64B1B681A0E0A70A44B1B68C3F372
:108C5000074213024B80A14B1B88C3F307224B88AA
:108C600013434B809D4B1A7813064B609B4B5B68FC
:108C70001A0E4B6843EA02434B60984B5B68C3F3A0
:108C800007424B6843EA02234B60944B9B88C3F333
:108C900007224B6813434B60904B1A790A729B680A
:108CA0001A0E4A728D4B9B68C3F307421306CB60C2
:108CB0008A4B1B89C3F30722CB6843EA0243CB608C
:108CC000864B1A7ACB681343CB60844BDB681A0E51
:108CD000CB681343CB60814BDB68C3F3074202F0E0
:108CE0000F034FF6FF7404EA03230B827B4B9B892F
:108CF000C3F307220B8A13430B82784B1A7B53086A
:108D00008B74774B1B681A0E93090B75744B1B6899
:108D1000C3F307424A75724B1B88C3F307228A7557
:108D20006F4B1A78CA755B681A0E14010C836C4B72
:108D30005B68C3F307420B8B43EA12140C8302F007
:108D40000F048C76664B9B88C3F30722D409CC763C
:108D5000C2F380140C77C2F340144C77C2F30014B2
:108D60008C775C4B1B781BB15A4B1B78012B44D181
:108D700093071C0D0C625A4B1A790B6A43EA820462
:108D80000C62574B9B681A0E0B6A43EA92140C62F2
:108D9000C2F3C20424235C5402F0070425235C546C
:108DA0004F4B9B68C3F30742540926235C54C2F31C
:108DB000820427235C5493075C0F28235C54484BA0
:108DC0001B89C3F3072228235B5C43EAD2142823C0
:108DD0005C548C7E0123A3400B640B6A5B1CCB6349
:108DE0002824645CA41C0125A540CB6B6B43CB639A
:108DF000D1E90F346343CB631DE0364B1B78022B64
:108E000019D1374B1A7993069C0A0C62344B9B6834
:108E10001A0E0B6A43EA02240C62314B9B68C3F3BF
:108E200007420B6A13430B624FF400730B640B6A27
:108E30005B1CDB04CB63C2F3801429235C549306D0
:108E40005C0E2A235C54264B1A7A2A235B5C43EA85
:108E5000D2142A235C5402F07F042B235C54204B51
:108E6000DB681A0ED4092C235C54C2F382042D2330
:108E70005C5493071C0F2E235C54194BDB68C3F31F
:108E800007422E235B5C43EA92142E235C54C2F308
:108E900040142F235C54124B9B89C3F30722D4093F
:108EA00030235C54C2F3801431235C54C2F3401469
:108EB00032235C54C2F3001433235C54C2F38104A4
:108EC00081F83440064B1A7B540881F8354000BFC6
:108ED000AEE60000400000204200002074070020A1
:108EE0006407002038B51D240120009001F0C8F966
:108EF00010B91A24204638BD3D480078032824D0F4
:108F0000C0220021022001F0F1F8002001F0E2F976
:108F100001F008F9FEF7B0FE04461D2C01D02046F2
:108F2000E9E7002001F0B8F932490860012001F0BA
:108F3000B3F930494860022001F0AEF92D4988604C
:108F4000032001F0A9F92B49C8602948007858B1DD
:108F500027480078012807D025480078022803D048
:108F600023480078042812D140220021032001F078
:108F7000BDF8002001F0AEF901F0D4F869460320F5
:108F8000FEF7C0FE04461D2C01D02046B3E718486A
:108F9000007803282AD0BDF8000017490880BDF8E2
:108FA00000000104C022092001F0A0F8002001F017
:108FB00091F901F0B7F8FEF75FFE04461D2C01D0D1
:108FC000204698E7002001F067F90C49086001206D
:108FD00001F062F909494860022001F05DF9074992
:108FE0008860032001F058F90449C860204682E7F0
:108FF0004000002074070020420000206407002089
:1090000070B504461D2521044022072001F06EF8AA
:10901000002001F05FF901F085F80720FEF792FDCE
:109020000546284670BD00007CB504461D2500207D
:109030000190009026480088010440220D2001F094
:1090400055F8002001F046F901F06CF8214800685D
:10905000019002E01F4800680190019800F045006F
:109060000028F7D0019800F0010028B11125012057
:1090700001F0CCF828467CBD019800F0040028B12E
:109080001325042001F0C2F82846F4E701F028F87F
:10909000019001980D2802D008252846EBE70E48DC
:1090A00001F0B4F8002001F0F7F800900098C0F348
:1090B0004320207009490098084010B91D25284612
:1090C000D9E70098FEF780FD05462846D3E7000063
:1090D00042000020342C0140FF07C00008E0F9FDE9
:1090E00070B504461D2514B91925284670BD0D48D4
:1090F0000088010440220D2000F0F8FF002001F05C
:10910000E9F801F00FF80D20FEF71CFD05461D2DB6
:1091100001D02846EAE7002001F0BEF8206028468A
:10912000E4E70000420000200146002202E049106E
:10913000501CC2B20129FAD1F02000EA0210704797
:1091400010B5002211463120FDF72CFF10BD0000A4
:1091500030B5ADF51B7D3A48F8F7ADF8054640212E
:1091600001A8F8F79DF80A22364912A8FCF7A4FDD9
:10917000044674B1062C04D133493448FDF7DEFEB1
:1091800004E0224632A13148FDF7D8FE0DF51B7DE3
:1091900030BD11AB2A462A4912A8FCF78AFF0446C3
:1091A00014B91198A84209D0224634A12748119B2E
:1091B000FDF7C4FE12A8FCF75DFDE7E712A8FCF777
:1091C00059FD04462CB1224638A12048FDF7B6FED1
:1091D000DCE701221B4912A8FCF76EFD04462CB106
:1091E00022463DA11948FDF7A9FECFE700201190C6
:1091F00011AB3F2201A912A8FCF718FE044612A8E1
:10920000FCF738FD14B91198A84206D022463DA1BA
:109210000E48119BFDF792FEB8E72A46084901A8BF
:10922000F8F750F828B9074A42A10848FDF786FE2A
:1092300003E047A10548FDF781FE00BFA6E7000057
:1092400019C90108B0C8010890CB010800100140FD
:109250004641544653206C6F6E672D6E616D6520DC
:109260006F70656E28777269746529206661696C14
:10927000656420282564290D0A00000046415446F3
:1092800053206C6F6E672D6E616D65207772697407
:1092900065206661696C656420287265733D25648C
:1092A0002C2062773D2564290D0A00004641544672
:1092B00053206C6F6E672D6E616D6520636C6F73EC
:1092C0006528777269746529206661696C65642018
:1092D000282564290D0A00004641544653206C6F2E
:1092E0006E672D6E616D65206F70656E28726561A9
:1092F0006429206661696C656420282564290D0A4B
:10930000000000004641544653206C6F6E672D6E7E
:10931000616D652072656164206661696C656420B9
:10932000287265733D25642C2062723D2564290DE9
:109330000A0000004641544653206C6F6E672D6E44
:10934000616D6520504153533A2025730D0A00008A
:109350004641544653206C6F6E672D6E616D6520DB
:10936000766572696679206661696C65640D0A00CC
:10937000F8B50526002400BF0020FBF76EFC04466C
:109380001CB1701E80B2061EF6D1FAF787FB22468A
:1093900047A14F48FDF7D2FD4E490020FCF776FC6F
:1093A0004D490880084602884CA14948FDF7C6FD92
:1093B000002C7BD148480088002877D14DA1444833
:1093C000FDF7BCFD0A2253A15648FCF775FC424943
:1093D000088055A15848F8F7D7FF5748F7F76BFFB3
:1093E0000546564B2A4654494E48FCF762FE3A4918
:1093F00008800846008820B951A13548FDF79EFD38
:1094000003E056A13248FDF799FD4648FCF732FCCF
:10941000012240A14348FCF74FFC2F490880084631
:10942000008830B10846028853A12948FDF786FD1F
:1094300037E04148F7F73FFF054680215848F7F7E6
:109440002FFF0020574908600B467F2254493548BA
:10945000FCF7ECFC2049088008460088A8B9514870
:109460000068A84211D1AAB233494D48FDF71AFD50
:1094700001280AD100204A494A4A126888540A46FB
:1094800049A11348FDF75AFD0AE0464800950368D4
:109490001148028800E009E04FA10D48FDF74EFD9C
:1094A00000BF2048FCF7E6FBFFF752FEF8BD0000C6
:1094B00053442043617264206469736B5F696E6911
:1094C0007469616C697A653A25640D0A00000000D0
:1094D00000100140840900207401002053442043FF
:1094E00061726420665F6D6F756E743A25640D0A53
:1094F000000000000D0A5344204361726420496E4D
:10950000697469616C697A65205375636365737307
:10951000210D0A00303A2F46415446532E545854D8
:1095200000000000B40B002048454C4C4F204D4338
:109530005553545544494F00A00E00207C01002093
:1095400046415446532046494C452077726974651C
:109550002053756363657373210D0A0046415446B9
:10956000532046494C4520777269746520666169CD
:109570006C6564210D0A000046415446532046495B
:109580004C45206F70656E287265616429206661A4
:10959000696C656421207265733D25640D0A0000C5
:1095A000200E002078010020464154465320526589
:1095B00061642046696C652053756363657373212C
:1095C0000D0A54686520636F6E74656E742069734C
:1095D0003A25730D0A00000046415446532046497F
:1095E0004C452072656164206661696C6564212068
:1095F0007265733D25642062723D25642065787034
:109600006563743D25640D0A0000000010B51D243B
:10961000FEF790FCFDF784F800F0C6FD00F0CCFBEF
:1096200004461D2C01D0204610BDFFF75BFC04460C
:109630001D2C01D02046F7E700231A46194618468C
:1096400000F02AFD002000F019FD00F0EFFD20469B
:10965000EAE7000010B51D20464908704FF48070FD
:1096600000F004FEE0B144480068012804D100F095
:10967000F3FC4049087002E01D203E4908704FF499
:10968000807000F0EDFD4CF23A3000F0D9FD012081
:109690003A49086000203A4908603648007810BD11
:1096A000022000F0E3FD78B1022000F0D9FD4CF279
:1096B0003A3000F0C5FD00203149086012202D49E4
:1096C000087008460078EAE7082000F0CFFD78B17E
:1096D000082000F0C5FD4CF23A3000F0B1FD00204A
:1096E0002749086014202349087008460078D6E707
:1096F0004FF4007000F0BAFD80B14FF4007000F03C
:10970000AFFD4CF23A3000F09BFD00201C49086090
:1097100017201849087008460078C0E7102000F0AC
:10972000A5FD78B1102000F09BFD4CF23A3000F01E
:1097300087FD00201249086015200E490870084670
:109740000078ACE7202000F091FD78B1202000F0F7
:1097500087FD4CF23A3000F073FD002008490860A4
:109760001620044908700846007898E701480078F8
:1097700095E70000500000204C000020540000201D
:10978000580000202DE9FC5F80468A4614461E469C
:109790001D274FF000094FF0000B002001904546B7
:1097A0000090B8F1000F03D119273846BDE8FC9F9F
:1097B0001D20924908700020914908609149086075
:1097C00000221146104600F0B7FC0021084600F0C8
:1097D000D7FC00F007FD00F0F1FC002000F05CFD7C
:1097E00000F0007010B106273846DFE786480078A1
:1097F000022802D104024FEA5A2A601E00EA040B32
:10980000002C1BDDB4F5006F18DCBBF1000F15D187
:109810002046FFF789FC019040222146102000F0ED
:1098200065FC002000F056FD00F07CFC1020FEF7E7
:1098300089F907461D2F04D03846B7E7192738465F
:10984000B4E7012E74D906FB04F0B0F1007F02D317
:1098500019273846AAE701206C49086006FB04F086
:10986000684908600846019A01684FF0FF3000F02F
:1098700063FC0021022000F083FC00F0BDFC4022CC
:109880005146122000F032FC002000F023FD00F0D1
:1098900049FC1220FEF756F907461D2F01D0384625
:1098A00084E75B480068012875D111E04FF400405F
:1098B00000F0B2FC60B14FF0000905E000F05AFC86
:1098C00045F8290009F10109B9F1080FF6D320354F
:1098D00040F22A3000F0A0FC0028E7D0022000F07F
:1098E0009BFC28B11227022000F090FC38465DE76F
:1098F000082000F091FC28B11427082000F086FC15
:10990000384653E7202000F087FC28B11627202096
:1099100000F07CFC384649E74FF4007000F07CFC16
:1099200038B117274FF4007000F070FC38463DE75F
:1099300062E003E000F01EFC28602D1D4FF40010D3
:1099400000F06AFC0028F5D14FF4807000F064FC50
:10995000E8B12D48007838B12B480078012803D0B1
:1099600029480078022812D1402200210C2000F062
:10997000BDFB002000F0AEFC00F0D4FB0C20FEF795
:10998000E1F807461D2F02D038460FE703E02148D3
:1099900000F03CFC30E01E48006860BB40F22A301A
:1099A00000F056FC00F014FC164801684046FBF736
:1099B000BFFB1948009006E00098401E00900098F8
:1099C00008B91C20F2E6202203211448FBF7A6FA6E
:1099D00010B900980028EFD100BF0948006818B9F5
:1099E000064800781D28F8D0044800781D2803D0C8
:1099F00002480078DAE619273846D7E650000020FA
:109A00005400002048000020400000204C000020AE
:109A100044000020FF07C000A0860100006402404F
:109A20002DE9F04F85B082468B4614461E461D2513
:109A300000200490002703900290D04681460190B8
:109A40000090BAF1000F04D11925284605B0BDE8F1
:109A5000F08F1D20CE4908700020CE490860CE4905
:109A6000086000221146104600F066FB00210846FF
:109A700000F086FB00F0B6FB00F0A0FB002000F039
:109A80000BFC00F0007010B106252846DEE7C34845
:109A90000078022802D104024FEA5B2B601E2040AE
:109AA0000390002C1ADDB4F5006F17DC0398A8B9F9
:109AB0002046FFF739FB029040222146102000F09B
:109AC00015FB002000F006FC00F02CFB1020FEF738
:109AD00039F805461D2D04D02846B7E71925284634
:109AE000B4E7AF480088010440220D2000F0FEFAE0
:109AF000002000F0EFFB00F015FB0D20FEF722F830
:109B000005461D2D01D02846A0E7012E70D906FB81
:109B100004F0B0F1007F02D31925284696E79F484C
:109B2000007838B19D480078012803D09B48007820
:109B3000022825D19A48008801044022372000F0ED
:109B4000D5FA002000F0C6FB00F0ECFA3720FDF754
:109B5000F9FF05461D2D01D0284677E74022314602
:109B6000172000F0C3FA002000F0B4FB00F0DAFA8E
:109B70001720FDF7E7FF05461D2D01D0284665E7B4
:109B800040225946192000F0B1FA002000F0A2FB53
:109B900000F0C8FA1920FDF7D5FF05461D2D01D0AC
:109BA000284653E701207F49086006FB04F07A4904
:109BB00008600846029A01684FF0FF3000F0BCFAD6
:109BC0000021084600F0DCFA00F016FB7648006839
:109BD00001287DD138E04FF4804000F01DFB98B3A0
:109BE0006D480068A0EB090020280ED3002705E08F
:109BF000B5E058F8270000F0D1FA7F1C082FF8D301
:109C000008F1200809F120091EE063480078A0EB64
:109C1000090000F0030008B1012000E000205E49C7
:109C20000968A1EB090100EB91000190002708E011
:109C3000D8F8000000F0B2FA08F1040809F10409AC
:109C40007F1C01988742F3D340F21A3000F0E4FA07
:109C50000028C0D0022000F0DFFA28B1122502202F
:109C600000F0D4FA2846F1E6082000F0D5FA28B131
:109C70001425082000F0CAFA2846E7E6102000F074
:109C8000CBFA28B11525102000F0C0FA2846DDE6F1
:109C90004FF4007000F0C0FA30B117254FF4007097
:109CA00000F0B4FA2846D1E64FF4807000F0B4FA20
:109CB000F0B13A48007838B138480078012803D02C
:109CC00036480078022813D1402200210C2000E001
:109CD00012E000F00BFA002000F0FCFA00F022FA8B
:109CE0000C20FDF72FFF05461D2D01D02846ADE6BF
:109CF0002E4800F08BFA32E02B48006860BB40F23F
:109D00001A3000F0A5FA00F063FA234801685046C3
:109D1000FBF726FB2648009006E00098401E0090C6
:109D2000009808B91C2091E6202203212148FBF766
:109D3000F5F810B900980028EFD100BF1548006869
:109D400018B9134800781D28F8D0114800781D284C
:109D500005D00F48007879E61925284676E613489D
:109D600000F054FA04A8FFF75FF9054603E004A8E1
:109D7000FFF75AF905461D2D07D19DF81000072859
:109D8000F5D09DF810000628F1D028465EE60000C8
:109D90005000002054000020480000204000002017
:109DA000420000204C00002044000020FF07C000BB
:109DB000400D0300006402402DE9F0411D240027FE
:109DC000002600254FF00008762300221146104699
:109DD00000F062F9002000F051F900F027FA0320AA
:109DE00000F054FA00F072F900221146104600F01B
:109DF0007DF9002000F06EFA00F094F9FAF778FA95
:109E000004461D2C02D02046BDE8F08140224FF4CC
:109E1000D571082000F06AF9002000F05BFA00F02C
:109E200081F9FDF7C3FF1D2803D101202B490870DC
:109E3000870740220021372000F058F9002000F069
:109E400049FA00F06FF93720FDF77CFE1D2842D15A
:109E50002CE040220021372000F048F9002000F0DB
:109E600039FA00F05FF93720FDF76CFE04461D2C2F
:109E700001D02046C8E71A4847EA000140222920BD
:109E800000F034F9002000F025FA00F04BF9FDF75E
:109E90001BFF04461D2C01D02046B5E7002000F032
:109EA000FBF90646012000EAD6786D1CB8F1000FD8
:109EB00003D14FF6FF708542CBD34FF6FF7085423A
:109EC00002D3182420469FE706F08040061E02D0E9
:109ED000022002490870204696E70000400000205A
:109EE000000010802DE9FC4106460D461D2400208F
:109EF00000900190002740220821102000F0F6F881
:109F0000002000F0E7F900F00DF91020FDF71AFE2F
:109F100004461D2C02D02046BDE8FC8131044022BD
:109F2000372000F0E3F8002000F0D4F900F0FAF850
:109F30003720FDF707FE04461D2C01D02046EBE735
:109F4000302208214FF0FF3000F0F6F80221002007
:109F500000F016F900F050F940220021332000F003
:109F6000C5F8002000F0B6F900F0DCF83320FDF76A
:109F7000E9FD04461D2C01D02046CDE709E04FF451
:109F8000001000F049F920B100F0F4F84DF8270076
:109F90007F1C40F22A6000F03FF90028EFD0022039
:109FA00000F03AF928B11224022000F02FF92046DF
:109FB000B2E7082000F030F928B11424082000F09E
:109FC00025F92046A8E7202000F026F928B116241C
:109FD000202000F01BF920469EE74FF4007000F0AF
:109FE0001BF930B117244FF4007000F00FF9204630
:109FF00092E7124800F00AF901980006019901F46D
:10A000007F4140EA0120019901F47F0140EA1120DB
:10A01000019940EA1160286000980006009901F457
:10A020007F4140EA0120009901F47F0140EA1120BC
:10A03000009940EA1160686020466DE7FF07C000A4
:10A0400001461D2009B1012902D1024A116000E038
:10A05000192070474400002010B51D244022002123
:10A060000C2000F043F8002000F034F900F05AF81A
:10A070000C20FDF767FD0446204610BD0549096820
:10A0800021F4C051034A116011460968014311606F
:10A0900070470000042C014030B504460020094DF3
:10A0A0002868094D2840FF2B04D940F00040A3F553
:10A0B0008075ABB244EA010515431D432843014DA9
:10A0C000286030BD042C014000D9FF7F03480068A0
:10A0D00040F480700149086070470000042C014082
:10A0E00001480068C0B27047102C014030B50346EB
:10A0F00000200B4C246824F48064094D2C602C1F34
:10A10000246800242D1F2C602C462160241D20680B
:10A1100020F0FF0043EA020420432C1D206030BDE4
:10A120000C2C01400348006840F48060014908603D
:10A13000704700000C2C014010B50D4B1B6800232C
:10A140000B4C2360231D1B6803F07E43241D2360FA
:10A15000231D1B6823F0F003241D2360044B1860AB
:10A160001B1D19601B1D1B681343236010BD0000DD
:10A17000242C01400148006870470000802C0140F9
:10A1800002460020044B186820F0060042EA010352
:10A190001843014B186070472C2C0140014908609E
:10A1A00070470000802C014010B540F60B10FDF701
:10A1B000CBFF40F60B10FDF7B5FF10BD034800685C
:10A1C00020F0080001490860704700002C2C014075
:10A1D0000348006840F0080001490860704700002B
:10A1E0002C2C01400348006820F001000149086060
:10A1F000704700002C2C01400348006840F001002B
:10A2000001490860704700002C2C0140014908609A
:10A2100070470000382C014001460020024A1268B5
:10A220000A4002B101207047342C01400348006805
:10A2300020F480400149086070470000042C014070
:10A24000024909688143014A116070473C2C014072
:10A25000024909680143014A116070473C2C0140E2
:10A260000149086070470000382C01400146002079
:10A27000024A12680A4002B101207047342C0140A2
:10A280000148006870470000002C01400149086047
:10A2900070470000002C01400146002031B1012927
:10A2A00007D0022909D003290FD10AE0084A106813
:10A2B0000CE0074A121D106808E0054A08321068D1
:10A2C00004E0034A0C32106800E000BF00BF704792
:10A2D000142C01400549096821F44071034A1160BA
:10A2E0001146096801431160704700000C2C0140C1
:10A2F00021B9426822F00202426003E0426822F083
:10A3000001024260704721B9426842F00202426095
:10A3100003E0426842F0010242607047016841F088
:10A32000400101607047000070B505460C461646B6
:10A330004FF480511048FCF7EEF9032000F00EF9BD
:10A34000C4F3074000F00AF9C4F3072000F006F94F
:10A35000E0B200F003F904E0A52000F0FFF8287057
:10A360006D1C301EA6F101018EB2F5D14FF4805163
:10A370000148FCF7D2F970BD000402402DE9F05FFE
:10A3800007460E4614464FF00008C146C246002557
:10A39000AB4606F0FF0ACAF10000C5B22046E1173D
:10A3A00004EB1161C1F30728E11704EB11610912F5
:10A3B000A4EB012101F0FF09BAF1000F20D1B8F19F
:10A3C000000F05D122463146384600F077F864E0A8
:10A3D00009E04FF480723146384600F06FF806F518
:10A3E000807607F58077B8F10000A8F1010101F04F
:10A3F000FF08EED14A463146384600F05FF84CE09F
:10A40000B8F1000F18D1A94510DDA9EB050000F047
:10A41000FF0B2A463146384600F050F82E442F44B0
:10A420005A463146384600F049F836E02246314671
:10A43000384600F043F830E0601B84B22046E11754
:10A4400004EB1161C1F30728E11704EB1161091254
:10A45000A4EB012101F0FF092A463146384600F0FD
:10A460002DF82E442F4409E04FF4807231463846CF
:10A4700000F024F806F5807607F58077B8F1000043
:10A48000A8F1010101F0FF08EED1B9F1000F04D0ED
:10A490004A463146384600F011F8BDE8F09F00000A
:10A4A00010B54FF480510348FCF737F90248FFF725
:10A4B00035FF10BD000402400038004070B505466D
:10A4C0000C46164600F0E4F84FF480511148FCF7B2
:10A4D00022F9022000F042F8C4F3074000F03EF8F1
:10A4E000C4F3072000F03AF8E0B200F037F803E0D8
:10A4F000287800F033F86D1C301EA6F101018EB2F1
:10A50000F6D14FF480510348FCF707F900F0A4F8A6
:10A5100070BD00000004024010B5044600F0B8F819
:10A520004FF480510C48FCF7F6F8202000F016F8A4
:10A53000C4F3074000F012F8C4F3072000F00EF84F
:10A54000E0B200F00BF84FF480510348FCF7E5F857
:10A5500000F082F810BD00000004024010B58AB07F
:10A5600004463948047004213848FAF765FC384835
:10A5700001903548039040200790002005904FF44B
:10A5800000300990012008900290002004900120E2
:10A59000069001AA04212D48FAF724FE0022042186
:10A5A0002A48FAF716FC03212848FAF745FC284800
:10A5B000019028480390002007904FF40030099044
:10A5C00001AA03212148FAF70DFE002203211F48AA
:10A5D000FAF7FFFB03211D48FAF7EBFB04211B48A8
:10A5E000FAF7E7FB01211A480C38FFF78CFE00212F
:10A5F00017480C38FFF787FE00BF202203211348BD
:10A60000FAF78CFC0028F8D0012111480C38FFF72C
:10A610006FFE00210E480C38FFF76AFE03210B483D
:10A62000FAF7B7FB04210948FAF7B3FB202203210C
:10A630000648FAF754FC202204210448FAF74FFC9C
:10A64000044800780AB010BDEC020020006002400F
:10A650000C380040F802002010B500244FF480515F
:10A660000A48FCF758F80520FFF778FF00BFA5203F
:10A67000FFF774FF044604F001000028F7D14FF4FF
:10A6800080510248FCF749F810BD00000004024068
:10A6900010B54FF480510648FCF73DF80620FFF74F
:10A6A0005DFF4FF480510248FCF737F810BD000001
:10A6B0000004024030B589B004464FF4807141482F
:10A6C000FCF729F82012404908704C7005213F48DA
:10A6D000FAF7B2FB3E4800903B48029040200690BB
:10A6E000002004904FF400300890022007900120D1
:10A6F000019000200390012005906A46052133480F
:10A70000FAF770FD032205213048FAF762FB0021B9
:10A710002E48FAF791FB2E4800902E480290002018
:10A7200006904FF4003008906A4600212748FAF757
:10A7300059FD032200212548FAF74BFB002123484D
:10A74000FAF737FB05212148FAF733FB01212048AE
:10A750000C38FFF7D8FD00211D480C38FFF7D3FD5A
:10A7600000BF202200211948FAF7D8FB0028F8D0B2
:10A77000012117480C38FFF7BBFD002114480C38A5
:10A78000FFF7B6FD00211148FAF703FB05210F483A
:10A79000FAF7FFFA202200210C48FAF7A0FB20224A
:10A7A00005210A48FAF79BFB0A4800780502094888
:10A7B000407805434FF480710248FBF7AEFF28460E
:10A7C00009B030BD00100240D402002000640240F5
:10A7D0000C300140E002002002460020106800F426
:10A7E00041500B6818434B6818438B681843CB687B
:10A7F00018430B6918434B6918438B691843106061
:10A80000D36923F40063D361704730B5014600205B
:10A810000B2200BF431003EBC01411F8015B631956
:10A82000D8B2531E1A1EF5D130BD70B504460021B2
:10A830002046FCF749FB0546002D59D12078032816
:10A840004FD1607900284CD00020E0624FF40072B4
:10A85000002104F13000FCF71BFB552184F82E1277
:10A86000AA2184F82F12522084F83000522131207E
:10A8700001556121322001554121332001557221BA
:10A8800084F8141284F81512412184F816126121FB
:10A8900084F81712217C84F81812208A010A84F89F
:10A8A00019122069010C84F81A122069010E84F82B
:10A8B0001B12217B84F81C12A089010A84F81D1246
:10A8C000E068010C84F81E12E068010E84F81F1283
:10A8D0006078012304F130016269FAF732FA00204E
:10A8E0006071607800221146FAF7FAF900B101258B
:10A8F000284670BD0148007870470000A80100207C
:10A9000010B5FDF773FC10BD10B50446012C04D042
:10A91000022C02D04FF0FF3010BD0348047000F04D
:10A9200055F90020F8E70000A80100200148008840
:10A93000704700009A01002010B50446B4F5805F0E
:10A9400001D340F6FF7404480480234600221146D8
:10A950000248F9F7BDFE10BD9A01002000740040C6
:10A9600001480078704700008401002001480088F9
:10A97000704700008001002010B5044602480470B2
:10A9800000F024F910BD00008401002010B5044639
:10A990000248048000F01AF910BD00008001002078
:10A9A00000200549087005490880054908600549E7
:10A9B0000860054908707047B0010020B60100200A
:10A9C000B8010020BC010020C0010020014890ED2A
:10A9D000000A704788010020014890ED000A704786
:10A9E00090010020014890ED000A70478C01002082
:10A9F000014890ED000A70479401002010B52DED3C
:10AA0000028BB0EE408A044880ED008A00F0DEF848
:10AA1000BDEC028B10BD00008801002010B52DEDAB
:10AA2000028BB0EE408A044880ED008A00F0CEF838
:10AA3000BDEC028B10BD00009001002010B52DED83
:10AA4000028BB0EE408A044880ED008A00F0BEF828
:10AA5000BDEC028B10BD00008C01002010B52DED67
:10AA6000028BB0EE408A044880ED008A00F0AEF818
:10AA7000BDEC028B10BD00009401002010B52DED3F
:10AA8000028B02210420F6F755FFB0EE408ADFED7D
:10AA9000110A88EE200ADFED100A30EEC00A9FEDA1
:10AAA0000F1AC0EE010A9FED0E1A80EE810ADFED4B
:10AAB0000D0A20EE200AF0EE408AB0EE680AFCF79C
:10AAC000F1FEF0EE408AB0EE680AFCF755FFBDECEF
:10AAD000028B10BDCDCCCC3FB072E83FEC51204191
:10AAE0009CC4803F00007A44014800787047000011
:10AAF0009D01002001480078704700009C01002063
:10AB000070B504462046F9F753FC054615B94FF0D9
:10AB1000FF3070BD034804700348056000F056F82C
:10AB20000020F6E79D010020A001002000B589B0BB
:10AB3000242200216846FFF7F7FB2249009888424B
:10AB40003CD1BDF80400102838D16846F8F718FB4E
:10AB50000899884232D101201B490870BDF80600CF
:10AB6000FFF714FF9DF80800FFF706FFDDED030A6D
:10AB7000B0EE600AFFF742FFDDED040AB0EE600AB6
:10AB8000FFF75CFFDDED050AB0EE600AFFF746FF58
:10AB9000DDED060AB0EE600AFFF760FF9DF80900E0
:10ABA000FFF7AEFF9DF80A00FFF7AEFEBDF81C00F0
:10ABB000FFF7C2FE00200449087001E000F006F82B
:10ABC00009B000BD0757FECA9801002000B589B042
:10ABD0002048007808B109B000BD1F48009010203F
:10ABE000ADF80400FFF7C2FEADF80600FFF7B8FEAF
:10ABF0008DF80800FFF778FF8DF80900FFF77AFE5F
:10AC00008DF80A0000208DF80B00FFF7DFFE8DEDB8
:10AC1000030AFFF7E7FE8DED040AFFF7DDFE8DED79
:10AC2000050AFFF7E5FE8DED060AFFF77FFEADF89A
:10AC30001C000020ADF81E006846F8F7A1FA089045
:10AC40000020FFF769FC242200216846FFF796FBED
:10AC500000BFC0E7980100200757FECA08B50020D2
:10AC600000213F4A126842F480323D4B1A6000BF17
:10AC7000401C3B4A126802F4003119B94FF6FF72CA
:10AC80009042F5D1364A126802F4003232B900BF60
:10AC9000334A126802F40032002AF9D0304A4032B6
:10ACA000126842F080522E4B40331A602D4A1268CF
:10ACB00042F440422B4B1A60294A08321268284B52
:10ACC00008331A601A46126842F400421A601A46A3
:10ACD000126842F4A0521A60234A1B1F1A601A1FFE
:10ACE000126842F080721B1F1A6000BF1C4A126873
:10ACF00002F00072002AF9D01A4A126842F4803237
:10AD0000184B1A6000BF174A526802F48032002ABA
:10AD1000F9D0144A126842F40032124B1A6000BF94
:10AD2000104A526802F40032002AF9D00C4A083264
:10AD300012680092009A22F003020092009A42F0F8
:10AD400002020092064B0833009A1A6000BF044AC0
:10AD50000832126802F00802002AF8D008BD00008C
:10AD600000380240007000401978400A10B5FFF723
:10AD700075FF10BD10B5124800684FF47A71B0FB32
:10AD8000F1F4601EB0F1807F01D301200FE0601E5E
:10AD90004FF0E02148610F214FF0FF30F7F722FB21
:10ADA00000204FF0E021886107200861002008B1F1
:10ADB00000BFFEE70021481EF7F714FB10BD00009E
:10ADC0008C0200201FB5104800F022F8684600F001
:10ADD00058F9EF20ADF800000020ADF80200ADF802
:10ADE0000400632002900020ADF806008DF80C00EE
:10ADF0006946054800F0D8F82021034800F039F9E9
:10AE0000014800F0CCF81FBD0010004041627047BF
:10AE100010B504465C49601A8C426FD019DC5B495E
:10AE2000A4EB01008C424ED009DCB4F1804F2ED04F
:10AE300057482044A0B3B0F5806F72D13AE0B0F526
:10AE4000806F49D0B0F5006F4FD0B0F5406FF4D1AE
:10AE50007BE0B0F5923F5BD009DCB0F5806F73D03A
:10AE6000B0F5644F0AD0B0F5684F5AD147E0B0F55D
:10AE7000943F57D0B0F5963F53D15CE04FF410604B
:10AE8000FDF762F94FF41060FDF74CF979E04FF4EB
:10AE90000060FDF759F94FF40060FDF743F970E0E9
:10AEA000FFE740F60100FDF74FF940F60100FDF71E
:10AEB00039F966E040F60200FDF746F940F6020077
:10AEC000FDF730F95DE040F60300FDF73DF940F68F
:10AED0000300FDF727F954E040F60400FDF734F9CC
:10AEE00040F60400FDF71EF94BE040F60500FDF7C3
:10AEF0002BF940F60500FDF715F942E02EE040F68B
:10AF00000110FDF721F940F60110FDF70BF938E0CB
:10AF10004FF41160FDF718F94FF41160FDF702F9D5
:10AF20002FE02DE040F61110FDF70EF940F611105C
:10AF3000FDF7F8F825E040F61210FDF705F940F6A8
:10AF40001210FDF7EFF81CE011E040F60600FDF7E7
:10AF5000FBF840F60600FDF7E5F812E040F60700C2
:10AF6000FDF7F2F840F60700FDF7DCF809E040F6DF
:10AF70000800FDF7E9F840F60800FDF7D3F800E017
:10AF800000BF00BF10BD0000001C0040000C0040CE
:10AF900000FCFFBF016821F00101016070470168FA
:10AFA00041F00101016070470A8882621D4A9042A7
:10AFB0000ED0B0F1804F0BD01B4A904208D01B4AF4
:10AFC000904205D01A4A904202D01A4A90420BD1C0
:10AFD000026822F07002026002684B881A43026025
:10AFE00002688B881A4302608A68C262124A9042E1
:10AFF0000AD0124A904207D0026822F440720260DE
:10B000000268CB881A430260064A904202D0094A7D
:10B01000904201D10A7B0263426942F0010242611F
:10B02000704700000000014000040040000800409C
:10B03000000C0040000401400010004000140040DB
:10B04000C2688A43C2607047C2680A43C2607047E0
:10B05000CA430261704710B502460020D46804EA72
:10B06000010314690C4014B10BB1012000E0002071
:10B0700010BD426822F07002426042680A4342609A
:10B08000704700210180418081804FF6FF7181600F
:10B090000021C1800173704770B5FCF7CBF80446FE
:10B0A0001548B4FBF0F0154908604FF47A70B4FB12
:10B0B000F0F013490860FCF7ADF80546002615E0EE
:10B0C000FBF7CAFA0F4A1060516000BFBFF34F8F01
:10B0D000BFF36F8F00BFFBF7BFFA0A4A11685268CF
:10B0E000401A094908602846FCF742F9301E06F16B
:10B0F0000406E5D070BD000040420F00A40200200D
:10B10000A802002090020020A002002070B5024694
:10B110000C46FF25FF2309E012F8010B80EA03012A
:10B120000648405C80EA05030548455C201EA4F102
:10B130000106B4B2F0D143EA052070BD84C901080C
:10B1400084CA01082DE9F04704460D460027B84699
:10B15000B94600263349601A8C4235D00CDC32489F
:10B160002044E8B1B0F5806F1FD0B0F5006F21D05A
:10B17000B0F5406F32D122E0B0F5806F29D0B0F544
:10B18000184F03D0B0F51C4F28D104E00320FCF782
:10B190003FFE074623E00320FCF73AFE07461EE089
:10B1A0000220FCF735FE074619E00220FCF730FECE
:10B1B000074614E00220FCF72BFE07460FE00220B2
:10B1C000FCF726FE07460AE00220FCF721FE0746B0
:10B1D00005E00220FCF71CFE074600E000BF00BFB0
:10B1E000E06800F4004070B1780000EB5500B0FB5F
:10B1F000F5F64FF6F07006EA0008C6F3420948EA91
:10B200000900A0600CE007EB5500B0FBF5F64FF627
:10B21000F07006EA000806F00F0948EA0900A0608D
:10B22000BDE8F0870078004000BCFFBF01464868D9
:10B23000C0F308007047C1F3080242607047000085
:10B2400010B504463349601A8C424DD00CDC3248AC
:10B250002044E0B1B0F5806F22D0B0F5006F31D05E
:10B26000B0F5406F52D136E0B0F5806F45D0B0F503
:10B27000184F03D0B0F51C4F48D11AE040F6041027
:10B28000FCF762FF40F60410FCF74CFF3FE040F68D
:10B290001100FCF759FF40F61100FCF743FF36E0C0
:10B2A00040F61200FCF750FF40F61200FCF73AFFA0
:10B2B0002DE040F60510FCF747FF40F60510FCF7BF
:10B2C00031FF24E040F61300FCF73EFF40F6130088
:10B2D000FCF728FF1BE040F61400FCF735FF40F6B2
:10B2E0001400FCF71FFF12E040F61E00FCF72CFFD5
:10B2F00040F61E00FCF716FF09E040F61F00FCF7C1
:10B3000023FF40F61F00FCF70DFF00E000BF00BF69
:10B3100010BD00000078004000BCFFBFC16821F4F0
:10B320000051C1607047426922F0400242614269A7
:10B3300001F040031A4342617047C16841F4005173
:10B34000C160704730B50246002002EB91131B68C4
:10B3500001F01F050124AC4023400BB1012000E0A7
:10B36000002030BD10B500EB9112126801F01F04EF
:10B370000123A3409A4300EB91131A6010BD10B54E
:10B3800000EB9112126801F01F040123A3401A433D
:10B3900000EB91131A6010BDF0B5024600200023A7
:10B3A0000024C1F38915555901F01F070126BE403D
:10B3B00005EA060302EB91552D68C1F30447012607
:10B3C000BE4005EA060414B10BB1012000E00020E4
:10B3D000F0BDC26822F4C062C260C2680A43C260A3
:10B3E00070470A460021C16821F004011143C16081
:10B3F0007047026922F44052026102690A43026105
:10B4000070470A460021C16821F008011143C1605C
:10B410007047C26822F48052C260C2680A43C260A8
:10B420007047000070B504460D46012C05D140F26E
:10B4300005311448FFF7A3FF04E040F2053111483D
:10B44000FFF790FF012D0AD100BF02200E4988614D
:10B4500000BF40F207310B48FFF791FF11E040F2C7
:10B4600007310848FFF77EFF00E000BF06210548CE
:10B47000FFF768FF0028F8D000BF02200249886269
:10B4800000BF70BD004400400000024010B5012123
:10B490000548FFF7D5FD01210348FFF7D9FD024814
:10B4A000FFF778FD10BD00000014004010B50948FA
:10B4B000FFF770FD00210748FFF7A8FC01210548B0
:10B4C000FFF7C6FD01210348FFF7BEFD0148FFF766
:10B4D00066FD10BD0014004070B504460D4624B151
:10B4E000207810B1E088A84201D0092070BD6078B2
:10B4F000F9F721FC00F0010008B10320F6E7002075
:10B50000F4E7000001460020054A127832B1054AEE
:10B5100012780A700022024B1A7001207047000056
:10B5200089020020880200200020024908700120C2
:10B53000704700008902002001460120024A107075
:10B540000248017001207047890200208802002013
:10B5500010B504460CB9002010BD0348FFF766FE85
:10B5600020700120F8E70000004400402DE9F04180
:10B5700007460E4614461D46082C02D00020BDE8A2
:10B58000F081F8F797F81948FFF7C8FE31461748D9
:10B59000FFF7D8FD00211548FFF73BFF00211348B6
:10B5A000FFF727FF25B1012D0DD0022D11D104E0A9
:10B5B00000210E48FFF70DFF0DE04FF480610B48AE
:10B5C000FFF707FF07E04FF4C0610848FFF701FFEE
:10B5D00001E00020D3E700BF0448FFF7AEFE00BF44
:10B5E00002200349886200BF0120C8E700440040F0
:10B5F0000000024010B5044621460248FFF71BFE3A
:10B60000012010BD004400402DE9FF410546FBF735
:10B61000FDFB07461C48874200D31DB9002004B03B
:10B62000BDE8F0811848B7FBF0F4322005FB00F6C6
:10B630001CB1B4F5803F00D80EB90020EFE741F20D
:10B640000500FCF75DFD1148FFF7E2FB6846FFF7D8
:10B6500018FD601E80B2ADF80000701E0290002040
:10B66000ADF80200ADF80400ADF806008DF80C004E
:10B6700069460648FFF798FC002204213720FBF7B3
:10B6800091FC0120CBE7000040420F000014004075
:10B6900038B500242148007800B904E0ED2220A14B
:10B6A00028A0F6F7B3FE6846FFF752FF2C48007853
:10B6B00030B101280AD0022819D003282BD102E08A
:10B6C000FFF7F4FE27E0FFF7F1FE24E00020254914
:10B6D00008809DF800200888411C224B19802249CF
:10B6E0000A5402201E490870FFF7E0FE13E01D48CF
:10B6F0000088FF2809DC9DF800201A490888411CB1
:10B70000184B198018490A5402E0032014490870A4
:10B71000FFF7CCFE00BF00BF204638BD7C020020F2
:10B720002E2E5C50726F746F636F6C5C6672656511
:10B730006D6F646275735C7274755C6D6272747542
:10B740002E63000065536E645374617465203D3D43
:10B750002053544154455F54585F49444C450000C0
:10B760007D02002086020020200F002010B500245A
:10B770001648007820B1022807D003280BD109E031
:10B780000020FFF7D9FE044618E00120FFF7D4FEA1
:10B79000044613E012E00D48007838B10B480078F9
:10B7A000022803D009480078032800D105E04FF4AF
:10B7B000B27207A10F48F6F729FE00BF00BFFFF7DE
:10B7C00065FE012001490870204610BD7D02002061
:10B7D0002E2E5C50726F746F636F6C5C6672656561
:10B7E0006D6F646275735C7274755C6D6272747592
:10B7F0002E630000D8CB010810B500241B48007848
:10B80000012800D105E040F22B1219A121A0F6F782
:10B81000FDFD2748007810B1012824D104E0002163
:10B820000120FFF7FFFD1EE02248008878B1224981
:10B8300009680878FFF7DEFE1F480068401C1E49B3
:10B8400008601C480088401E1A4908800AE003204E
:10B85000FFF772FE044600210120FFF7E3FD002000
:10B860001349087000BF00BF204610BD7D020020B4
:10B870002E2E5C50726F746F636F6C5C66726565C0
:10B880006D6F646275735C7274755C6D62727475F1
:10B890002E630000655263765374617465203D3DEC
:10B8A0002053544154455F52585F49444C45000071
:10B8B0007C020020840200208002002000000000A2
:10B8C00000000000002F0000000007000700001427
:10B8D0007F147F1400242A7F2A1200626408132335
:10B8E00000364955225000000503000000001C22CC
:10B8F0004100000041221C000014083E081400080A
:10B90000083E0808000000A06000000808080808B9
:10B91000000060600000002010080402003E514951
:10B92000453E0000427F40000042615149460021EF
:10B9300041454B31001814127F1000274545453909
:10B94000003C4A4949300001710905030036494964
:10B95000493600064949291E00003636000000001D
:10B960005636000000081422410000141414141468
:10B970000000412214080002015109060032495911
:10B98000513E007C1211127C007F49494936003E2D
:10B9900041414122007F4141221C007F49494941E8
:10B9A000007F09090901003E4149497A007F0808E2
:10B9B000087F0000417F4100002040413F01007F9F
:10B9C00008142241007F40404040007F020C027F6B
:10B9D000007F0408107F003E4141413E007F09097D
:10B9E0000906003E4151215E007F091929460046A3
:10B9F000494949310001017F0101003F4040403F7A
:10BA0000001F2040201F003F4038403F00631408C3
:10BA1000146300070870080700615149454300009E
:10BA20007F41410000552A552A55000041417F00C1
:10BA300000040201020400404040404000000102B6
:10BA40000400002054545478007F4844443800389F
:10BA50004444442000384444487F00385454541827
:10BA600000087E0901020018A4A4A47C007F080439
:10BA700004780000447D4000004080847D00007F09
:10BA8000102844000000417F4000007C0418047826
:10BA9000007C0804047800384444443800FC242422
:10BAA00024180018242418FC007C0804040800480A
:10BAB0005454542000043F444020003C4040207C2B
:10BAC000001C2040201C003C4030403C004428101A
:10BAD0002844001CA0A0A07C004464544C441414CE
:10BAE0001414141400000000000000000000000006
:10BAF00000000000000000F800000000000000331B
:10BB00003000000000100C06100C060000000000C1
:10BB10000000000040C07840C0784000043F0404AA
:10BB20003F040400007088FC08300000001820FF6B
:10BB3000211E0000F008F000E018000000211C03A6
:10BB40001E211E0000F00888700000001E21232422
:10BB50001927211010160E00000000000000000040
:10BB600000000000000000E01804020000000007D0
:10BB70001820400000020418E000000000402018D7
:10BB800007000000404080F0804040000202010FAA
:10BB900001020200000000F0000000000101011F8E
:10BBA00001010100000000000000000080B07000F2
:10BBB0000000000000000000000000000001010182
:10BBC0000101010100000000000000000030300011
:10BBD00000000000000000008060180400601806EB
:10BBE0000100000000E010080810E000000F102025
:10BBF00020100F00001010F8000000000020203F6F
:10BC000020200000007008080888700000302824F8
:10BC10002221300000300888884830000018202099
:10BC200020110E000000C02010F8000000070424BE
:10BC3000243F240000F80888880808000019212003
:10BC400020110E0000E0108888180000000F11205D
:10BC500020110E0000380808C83808000000003F16
:10BC6000000000000070880808887000001C222175
:10BC700021221C0000E010080810E0000000312222
:10BC800022110F00000000C0C000000000000030C2
:10BC90003000000000000080000000000000806014
:10BCA0000000000000008040201008000001020495
:10BCB000081020004040404040404000040404047C
:10BCC0000404040000081020408000000020100838
:10BCD00004020100007048080808F000000000306D
:10BCE00036010000C030C828E810E00007182724FB
:10BCF00023140B000000C038E0000000203C2302A9
:10BD00000227382008F8888888700000203F20200B
:10BD100020110E00C030080808083800071820203D
:10BD20002010080008F808080810E000203F202034
:10BD300020100F0008F88888E8081000203F202015
:10BD40002320180008F88888E8081000203F200009
:10BD500003000000C0300808083800000718202041
:10BD6000221E020008F808000008F808203F210100
:10BD700001213F20000808F8080800000020203FAB
:10BD80002020000000000808F8080800C08080801B
:10BD90007F00000008F888C028180800203F200114
:10BDA0002638200008F8080000000000203F20206E
:10BDB0002020300008F8F800F8F80800203F003F85
:10BDC000003F200008F830C00008F808203F20009D
:10BDD00007183F00E01008080810E0000F102020AE
:10BDE00020100F0008F808080808F000203F210183
:10BDF00001010000E01008080810E0000F182424DA
:10BE000038504F0008F8888888887000203F20004C
:10BE1000030C302000708808080838000038202102
:10BE200021221C00180808F8080818000000203F0C
:10BE30002000000008F808000008F808001F202073
:10BE400020201F000878880000C838080000073844
:10BE50000E010000F80800F80008F800033C070095
:10BE6000073C0300081868808068180820302C03FD
:10BE7000032C30200838C800C83808000000203FD4
:10BE80002000000010080808C838080020382621C3
:10BE900020201800000000FE020202000000007FC7
:10BEA00040404000000C30C00000000000000001D5
:10BEB0000638C00000020202FE00000000404040C0
:10BEC0007F000000000004020202040000000000E5
:10BED0000000000000000000000000008080808062
:10BEE000808080800002020400000000000000004A
:10BEF00000000000000080808080000000192422E3
:10BF000022223F2008F8008080000000003F11201E
:10BF100020110E000000008080800000000E112023
:10BF200020201100000000808088F800000E112001
:10BF300020103F200000808080800000001F22220F
:10BF400022221300008080F0888888180020203F7B
:10BF5000202000000000808080808000006B94948E
:10BF60009493600000F8008080808000003F010012
:10BF700000003F0000809898000000000020203F53
:10BF800020200000000000809898000000C0808001
:10BF9000807F000008F8000080808000203F24029D
:10BFA0002D302000000808F8000000000020203F8D
:10BFB000202000008080808080808000203F200042
:10BFC0003F20003F8080008080800000203F2100D3
:10BFD00000203F200000808080800000001F202083
:10BFE00020201F00808000808000000080FFA120B2
:10BFF00020110E000000008080808000000E1120C3
:10C0000020A0FF80808080008080800020203F2151
:10C010002000010000008080808080000033242404
:10C0200024241900008080E0808000000000001FB0
:10C03000202000008080000000808000001F202061
:10C0400020103F20808080000080808000010E3022
:10C050000806010080800080008080800F300C0383
:10C060000C300F0000808000808080000020312E86
:10C070000E312000808080000080808080818E7062
:10C080001806010000808080808080000021302C14
:10C090002221300000000000807C0202000000002D
:10C0A000003F404000000000FF00000000000000D2
:10C0B000FF0000000002027C800000000040403FC2
:10C0C000000000000006010102020404000000005C
:10C0D00000000000002046CC0804047CC404048452
:10C0E000F40C000000000000000000000000000050
:10C0F000000000000040300C44406020110E0E1380
:10C10000206040000000000000000000000000006F
:10C1100000000000000038084848484E4CC8C84895
:10C120000838380000000000000000000000000097
:10C1300000000000000404040404C4447F05040457
:10C1400004040400000000000000000000000000E3
:10C15000000000000000000008103060E0E0000077
:10C16000404040404040404040202020A0F070200F
:10C1700000000000000000000000000000000000BF
:10C1800000000000000000000000000000000000AF
:10C19000000000000000000000000000000000009F
:10C1A000000000000000000000000000000000008F
:10C1B000000000000000000000000000000000007F
:10C1C000000000000000000000000000000000006F
:10C1D00000000000000808181030700000C0700C4B
:10C1E000020002061C70C0800080E0780F0300008F
:10C1F000000000000000000000000000000000003F
:10C20000000000000000000000000000000000002E
:10C21000000000000000000000000000000000001E
:10C22000000000000000000000000000000000000E
:10C2300000000000000000000000000000000000FE
:10C2400000000000000000000000000000000000EE
:10C2500000000000000000000080E0780E010000F7
:10C2600000000080C060301B0E1B71E080000000E9
:10C2700000000000000000000000000000000000BE
:10C2800000000000000000000000000000000000AE
:10C29000000000000000000000000000000000009E
:10C2A000000000000000000000000000000000008E
:10C2B000000000000000000000000000000000007E
:10C2C000000000000000000000000000000000006E
:10C2D00000000000000102060E0F211010080804E3
:10C2E00006030100000000000000000003070E0C20
:10C2F0000C0C080800000000000000000000000016
:10C30000000000000000000000000000000000002D
:10C31000000000000000000000000000000000001D
:10C32000000000000000000000000000000000000D
:10C3300000000000000000000000000000000000FD
:10C3400000000000000000000000000000000000ED
:10C350000000000001030507090E10121416181C36
:10C360001E809A90418E418F804545454949498EAE
:10C370008F9092924F994F555559999A9B9C9D9E9B
:10C380009F41494F55A5A5A6A7A8A9AAABAC21AE28
:10C39000AFB0B1B2B3B4B5B6B7B8B9BABBBCBDBE35
:10C3A000BFC0C1C2C3C4C5C6C7C8C9CACBCCCDCE25
:10C3B000CFD0D1D2D3D4D5D6D7D8D9DADBDCDDDE15
:10C3C000DFE0E1E2E3E4E5E6E7E8E9EAEBECEDEE05
:10C3D000EFF0F1F2F3F4F5F6F7F8F9FAFBFCFDFEF5
:10C3E000FF00C700FC00E900E200E400E000E50017
:10C3F000E700EA00EB00E800EF00EE00EC00C4000C
:10C40000C500C900E600C600F400F600F200FB001B
:10C41000F900FF00D600DC00A200A300A500A720C1
:10C420009201E100ED00F300FA00F100D100AA0052
:10C43000BA00BF001023AC00BD00BC00A100AB00DF
:10C44000BB0091259225932502252425612562258F
:10C45000562555256325512557255D255C255B25EA
:10C460001025142534252C251C2500253C255E256A
:10C470005F255A25542569256625602550256C259C
:10C480006725682564256525592558255225532596
:10C490006B256A2518250C25882584258C25902553
:10C4A0008025B103DF009303C003A303C303B500DA
:10C4B000C403A6039803A903B4031E22C603B5034D
:10C4C00029226122B1006522642220232123F70062
:10C4D0004822B0001922B7001A227F20B200A025FE
:10C4E000A0006100620063006400650066006700F0
:10C4F000680069006A006B006C006D006E006F00E0
:10C50000700071007200730074007500760077008F
:10C51000780079007A00A100A200A300A500AC0079
:10C52000AF00E000E100E200E300E400E500E60027
:10C53000E700E800E900EA00EB00EC00ED00EE00A7
:10C54000EF00F000F100F200F300F400F500F60057
:10C55000F800F900FA00FB00FC00FD00FE00FF00FF
:10C56000010103010501070109010B010D010F0183
:10C57000110113011501170119011B011D011F01F3
:10C58000210123012501270129012B012D012F0163
:10C5900031013301350137013A013C013E014001CF
:10C5A00042014401460148014B014D014F01510137
:10C5B00053015501570159015B015D015F016101A3
:10C5C00063016501670169016B016D016F01710113
:10C5D0007301750177017A017C017E019201B1033B
:10C5E000B203B303B403B503B603B703B803B90387
:10C5F000BA03BB03BC03BD03BE03BF03C003C10337
:10C60000C303C403C503C603C703C803C903CA03DE
:10C61000300431043204330434043504360437045E
:10C62000380439043A043B043C043D043E043F040E
:10C6300040044104420443044404450446044704BE
:10C64000480449044A044B044C044D044E044F046E
:10C650005104520453045404550456045704580416
:10C6600059045A045B045C045E045F047021712168
:10C670007221732174217521762177217821792106
:10C680007A217B217C217D217E217F2141FF42FF78
:10C6900043FF44FF45FF46FF47FF48FF49FF4AFF6E
:10C6A0004BFF4CFF4DFF4EFF4FFF50FF51FF52FF1E
:10C6B00053FF54FF55FF56FF57FF58FF59FF5AFFCE
:10C6C000000041004200430044004500460047008E
:10C6D000480049004A004B004C004D004E004F00FE
:10C6E00050005100520053005400550056005700AE
:10C6F000580059005A002100E0FFE1FFE5FFE2FF8A
:10C70000E3FFC000C100C200C300C400C500C600F2
:10C71000C700C800C900CA00CB00CC00CD00CE00C5
:10C72000CF00D000D100D200D300D400D500D60075
:10C73000D800D900DA00DB00DC00DD00DE00780183
:10C74000000102010401060108010A010C010E01A9
:10C75000100112011401160118011A011C011E0119
:10C76000200122012401260128012A012C012E0189
:10C77000300132013401360139013B013D013F01F5
:10C7800041014301450147014A014C014E0150015D
:10C7900052015401560158015A015C015E016001C9
:10C7A00062016401660168016A016C016E01700139
:10C7B00072017401760179017B017D019101910380
:10C7C00092039303940395039603970398039903A5
:10C7D0009A039B039C039D039E039F03A003A10355
:10C7E000A303A403A503A603A703A803A903AA03FD
:10C7F000100411041204130414041504160417047D
:10C80000180419041A041B041C041D041E041F042C
:10C8100020042104220423042404250426042704DC
:10C82000280429042A042B042C042D042E042F048C
:10C8300001040204030404040504060407040804B4
:10C8400009040A040B040C040E040F046021612186
:10C8500062216321642165216621672168216921A4
:10C860006A216B216C216D216E216F2121FF22FF36
:10C8700023FF24FF25FF26FF27FF28FF29FF2AFF8C
:10C880002BFF2CFF2DFF2EFF2FFF30FF31FF32FF3C
:10C8900033FF34FF35FF36FF37FF38FF39FF3AFFEC
:10C8A0000000140000001400E8030000E8030A0080
:10C8B000303A2F70726F6A6563745F6C6F675F32B6
:10C8C0003032365F30345F32325F6465766963657B
:10C8D0005F6764333266343730766574365F626F13
:10C8E0006172645F615F6368616E6E656C5F303159
:10C8F0005F72756E5F303030315F646174615F729A
:10C9000065636F72645F6C6F6E675F6E616D655FAC
:10C9100064656D6F2E7478740046415446535F4CC5
:10C920004F4E475F4E414D455F4F4B00CDCCA2422D
:10C930003333A142D7A3A6420000A542ECD1C9429D
:10C940000000C8423D8AD9427B94D7423333E44247
:10C950000000E2428F42E9427B14E7428FC2F84274
:10C96000E17AF642852B044366E6024348E10B4335
:10C970008F820A43A470174300001643146E1B43B2
:10C9800000001A4300C1814001C0804101C08041C4
:10C9900000C1814001C0804100C1814000C181408F
:10C9A00001C0804101C0804100C1814000C181407F
:10C9B00001C0804100C1814001C0804101C080416F
:10C9C00000C1814001C0804100C1814000C181405F
:10C9D00001C0804100C1814001C0804101C080414F
:10C9E00000C1814000C1814001C0804101C080413F
:10C9F00000C1814001C0804100C1814000C181402F
:10CA000001C0804101C0804100C1814000C181401E
:10CA100001C0804100C1814001C0804101C080410E
:10CA200000C1814000C1814001C0804101C08041FE
:10CA300000C1814001C0804100C1814000C18140EE
:10CA400001C0804100C1814001C0804101C08041DE
:10CA500000C1814001C0804100C1814000C18140CE
:10CA600001C0804101C0804100C1814000C18140BE
:10CA700001C0804100C1814001C0804101C08041AE
:10CA800000C1814000C0C101C30302C2C60607C77E
:10CA900005C5C404CC0C0DCD0FCFCE0E0ACACB0BEE
:10CAA000C90908C8D81819D91BDBDA1A1EDEDF1F1E
:10CAB000DD1D1CDC14D4D515D71716D6D21213D30E
:10CAC00011D1D010F03031F133F3F23236F6F737BE
:10CAD000F53534F43CFCFD3DFF3F3EFEFA3A3BFBAE
:10CAE00039F9F83828E8E929EB2B2AEAEE2E2FEF5E
:10CAF0002DEDEC2CE42425E527E7E62622E2E323CE
:10CB0000E12120E0A06061A163A3A26266A6A767FD
:10CB1000A56564A46CACAD6DAF6F6EAEAA6A6BAB6D
:10CB200069A9A86878B8B979BB7B7ABABE7E7FBF9D
:10CB30007DBDBC7CB47475B577B7B67672B2B3738D
:10CB4000B17170B05090915193535292965657973D
:10CB5000559594549C5C5D9D5F9F9E5E5A9A9B5B2D
:10CB600099595898884849894B8B8A4A4E8E8F4FDD
:10CB70008D4D4C8C4484854587474686824243834D
:10CB80004181804034127856010002000300040005
:10CB90004641544653206C6F6E672D6E616D652063
:10CBA0006F70656E206661696C65643A2046525FFD
:10CBB000494E56414C49445F4E414D452028656ED3
:10CBC00061626C65204C464E20696E206666636F1C
:10CBD0006E662E68290D0A0028206552637653740C
:10CBE000617465203D3D2053544154455F52585F68
:10CBF000494E49542029207C7C20282065526376A8
:10CC00005374617465203D3D2053544154455F5237
:10CC1000585F5243562029207C7C2028206552638F
:10CC2000765374617465203D3D2053544154455FF3
:10CC300052585F4552524F522029000060CC0108E3
:10CC400000000020D402000064180108F0CC0108A4
:10CC5000D40200205C2D0000BA2401084358FFFFD5
:10CC600061021740100801AED580A81FD317408D70
:10CC700014A1C8DAE8098180D91FDB40A4AF26B12E
:10CC800002161D02140F1DA2C801083C09171C0A38
:10CC900019021C0A19031C0A19041C0A19051C0A8A
:10CCA00019061C415E916A0108F4ED762D300108E9
:10CCB0006476097101080A3B8D3A64518B418430D6
:10CCC0000118191F5301132B803F042D52B8AC419A
:10CCD00004691D1AE8E941021D02091C1EC1320443
:10CCE0004B5D54D0019104141C4E0E5A01040128CE
:04000005080111AD30
:00000001FF
