:020000040801F1
:10100000B0BE0020F5120108911D01088D1C0108D9
:101010008D1D0108451A01083D2601080000000049
:101020000000000000000000000000004F22010846
:10103000491A0108000000002522010819130108BF
:101040000F1301080F1301080F1301080F130108F4
:101050000F1301080F1301084D1A01080F1301089F
:101060000F1301080F1301080F1301080F130108D4
:101070000F1301080F1301080F1301080F130108C4
:101080000F1301080F1301080F1301080F130108B4
:101090000F1301080F1301080F1301080F130108A4
:1010A0000F1301080F1301080F1301080F13010894
:1010B0000F1301080F1301080F1301080F13010884
:1010C0000F1301080F1301080F1301080F13010874
:1010D0000F130108E924010881250108F5250108FD
:1010E0000F130108292201080F1301080F1301082B
:1010F0000F1301080F1301080F1301080F13010844
:101100000F130108472201080F1301080F130108EC
:101110000F1301080F1301080F1301080F13010823
:101120000F1301080F1301080F1301080F13010813
:101130000F1301080F1301080F1301080F13010803
:101140000F1301080F1301080F1301080F130108F3
:101150000F1301080F1301080F1301080F130108E3
:101160000F1301080F1301080F1301080F130108D3
:101170000F1301080F1301080F13010800000000EE
:101180000F1301080F1301080F1301080F130108B3
:101190000F1301080F1301080F13010800000000CE
:1011A0000F1301080F1301080F130108DFF810D007
:1011B00000F04EFB00F02AF900480047B175010825
:1011C000B0BE002010B5494C00E0641E4FF48030E2
:1011D00005F0E2FC08B1002CF7D10CB1012010BDE4
:1011E0000020FCE710B5012005F0D0FC102005F030
:1011F000CDFC802005F0CAFC402005F0C7FC10BDE6
:101200002DE9F04104460F4617B1B4F1006F02D248
:101210000020BDE8F081E019451E3548854201D91E
:101220000020F6E7C4F30B00261AC5F30B002D1AB5
:1012300005F03AFDFFF7D6FF0DE0304605F0C0FCA3
:10124000FFF7C0FF18B905F0B1FC0020E1E7FFF798
:10125000C9FF06F58056AE42EFD905F0A7FC012084
:10126000D7E72DE9F04104460E46154606B115B9FB
:101270000020BDE8F081B4F1006F04D36019401E76
:101280001B49884201D90020F3E705F00DFDFFF767
:10129000A9FF0FE0D6F800804146204605F016FD74
:1012A000FFF790FF18B905F081FC0020E1E7241D4D
:1012B000361D2D1F04F0030008B9042DEAD20027C3
:1012C0000BE0F15DE01905F039FCFFF77BFF18B981
:1012D00005F06CFC0020CCE77F1CAF42F1D3FFF798
:1012E00081FF05F063FC0120C3E70000FFFF3F0022
:1012F000FFFF07080648804706480047FEE7FEE76D
:10130000FEE7FEE7FEE7FEE7FEE7FEE7FEE7FEE7B5
:101310006D230108AD11010830B410B503488047B2
:1013200030BCAE4630BC024800470000D184010802
:101330005322010800BF70472DE9F0410024061B2D
:10134000254671F1000605DA01240027D0EB0700DD
:1013500067EB0101161E73F1000605DA0027D2EBD8
:101360000702012567EB030300F089F886460E4665
:1013700017469C46AC4204D00025D0EB050E65EB29
:10138000010624B10020D2EB000760EB030C70468D
:1013900031463A466346BDE8F08140EA01039B07C7
:1013A00003D009E008C9121F08C0042AFAD203E0DA
:1013B00011F8013B00F8013B521EF9D27047D2B23E
:1013C00001E000F8012B491EFBD270470022F6E72E
:1013D00010B513460A4604461946FFF7F0FF2046AB
:1013E00010BD421C10F8011B0029FBD1801A704768
:1013F00030B504460020034600E05B1C934203D254
:10140000E05CCD5C401BF8D030BD000070B5054CF1
:10141000054D03E0206820448047241DAC42F9D1EB
:1014200070BD000034F4010838F4010800F00042F7
:1014300030F000400AD0C10D01F56071C0F3160014
:1014400042EA0151C208400711437047002001469B
:10145000704730B50B46014600202022012409E0E8
:1014600021FA02F59D4205D303FA02F5491B04FA5D
:1014700002F52844151EA2F10102F1DC30BD2DE970
:10148000F05F0546002092469B4688460646814608
:1014900040241BE0284641464746224600F0F9F921
:1014A00053465A46C01A914110D311461846224657
:1014B00000F0E0F92D1A67EB01084F4622460120A3
:1014C000002100F0D7F917EB00094E41201EA4F1CE
:1014D0000104DFDC484631462A464346BDE8F09F1A
:1014E0002DE9FE4F804681EA0300C00F0C460090B4
:1014F00021F0004123F00045B8EB0200A94105D2DC
:101500004046214690461C460B46024623F00040CA
:10151000104347D0270DC7F30A00C3F30A510290C6
:10152000401A019040286BDAC3F3130040F4801B8B
:101530000098924620B10023D2EB030A63EB0B0B19
:1015400001985946C0F14002504600F093F9064612
:101550000D4650465946019A00F0ABF910EB0800D1
:101560006141002487EA115284EAE7731A4340D0AC
:10157000009A62B3019A012A4FEA075215DC001B58
:1015800061EB02014FF0004202EA0752CDE900424E
:10159000001C41F5801132462B4600F0ABF903B038
:1015A000BDE8F08F40462146F9E7001B61EB0201E0
:1015B000001C41F5801300185B412018A2F50017AC
:1015C00047EB030140EAD570B6196D4111E06D0893
:1015D0004FEA360645EAC0754FEA0752001B61EB39
:1015E0000201001C41F5801149084FEA3000001942
:1015F000514132462B4603B0BDE8F04F00F06BB9C5
:101600000098012240000023D0EB020263EBE0735C
:10161000009821464FEAE074B8EB000061EB04014A
:10162000E9E783F000435BE781F0004158E72DE9EB
:10163000FE4F81EA030404F0004421F000410094CD
:101640004FF0000B23F0004350EA01045ED052EA51
:1016500003045BD0C3F30A54C1F30A552C44A4F22B
:10166000F3340194A0FB0254C1F3130141F480113F
:10167000C3F3130343F4801301FB024400FB034E46
:10168000840A970A44EA815447EA8357A4FB07680F
:1016900002958D0A05FB07854FEA932C04FB0C5439
:1016A0002705029D4FEA065847EA1637B5EB0805AD
:1016B0006EEB070C870E920E47EA811742EA8312FF
:1016C000A7FB0201B6EB0B0164EB00042B0D43EA10
:1016D0000C335E1844EB1C50DA465146E7FB02011E
:1016E000C5F313044FEA0B3343EA14534FEA0432B1
:1016F000019C43EA0603A4F10C040294009CCDE98A
:1017000000B400F0F7F803B0BDE8F08F0020014608
:10171000F9E72DE9F04D81EA030404F0004B21F0D4
:10172000004514464FF0000A23F0004150EA05023C
:1017300020D054EA01021DD0C5F30A570246C5F372
:101740001303C1F31300C1F30A5640F4801543F4A8
:101750008013A7EB0608101BD64608F2FD3873EB82
:10176000050002D308F1010801E092185B41B8F1CD
:10177000000F03DA00200146BDE8F08D00204FF491
:101780008011064684460EE0171B73EB050705D350
:10179000121B63EB050306434CEA010C49084FEAB0
:1017A000300092185B4150EA0107EDD152EA030084
:1017B00012D082EA040083EA0501084305D0101B19
:1017C000AB4106D20122002306E000224FF0004385
:1017D00002E06FF0010253101AEB06004CEB0851C7
:1017E00010EB0A0041EB0B01BDE8F04D00F073B8BF
:1017F000C1F30A52C1F3130140F2FF3341F48011E7
:101800009A4202DA00200146704740F233439A427E
:10181000A2F2334202DC524200F03BB800F02AB898
:1018200030B5041E71F1000404DB4FF00044404267
:1018300064EB0101141E73F1000405DB1C464FF03C
:101840000043524263EB0403994208BF904230BD0B
:10185000064C074D06E0E06840F0010394E80700FD
:1018600098471034AC42F6D3FFF7A4FC14F40108F7
:1018700034F40108202A04DB203A00FA02F10020A7
:1018800070479140C2F1200320FA03F319439040BE
:101890007047202A04DB203A21FA02F00021704729
:1018A00021FA02F3D040C2F12002914008431946C8
:1018B0007047202A06DBCB17203A41FA02F043EAB0
:1018C000E07306E041FA02F3D040C2F120029140F9
:1018D00008431946704710B5141E73F1000408DA66
:1018E000401C41F1000192185B411A4301D120F0E4
:1018F000010010BD2DE9F04D92469B4611B1B1FAA1
:1019000081F202E0B0FA80F220329046FFF7B2FF97
:1019100004460F4640EA0A0041EA0B0153465A4684
:10192000084313D0114653EA010019D0C8F1400210
:101930005046FFF7AEFF05460E4650465946424612
:10194000FFF798FF084305D0012004E02046394600
:10195000BDE8F08D0020054346EAE0762C4337438E
:101960000A986305E40AA0EB08000022FD0A44EA95
:1019700047540A3002D500200146E9E70105101955
:101980006941DDE9084500196941BDE8F04DA2E76C
:1019900070B58C1810F8015B15F0070301D110F831
:1019A000013B2A1106D110F8012B03E010F8016B5E
:1019B00001F8016B5B1EF9D12B0705D40023521EE1
:1019C0000DD401F8013BFAE710F8013BCB1A921C49
:1019D00003E013F8015B01F8015B521EF9D5A14247
:1019E000D8D3002070BD000007281AD2DFE800F02D
:1019F00004070A0D101316009FED0B0A70479FEDA8
:101A00000B0AFBE79FED0A0AF8E79FED0A0AF5E7E4
:101A10009FED090AF2E79FED090AEFE79FED080A3B
:101A2000ECE79FED030AE9E7A69BC4406F128340F1
:101A30006F1203406F12833F6F12033F6F12833E9A
:101A40006F12833D00BFFEE700BFFEE710B5012027
:101A500004F0C0FC10B1012004F0B6FC10BD000081
:101A600070B52DED028B05460C469FED2C0AB0EEAD
:101A7000408A2B48008865F34300294908800846BE
:101A8000008864F3061008800978C907090C244A05
:101A90001278C2F3420241EA0231214A1278C2F3BB
:101AA000021241EA42211E4A1278C2F3C01241EAF0
:101AB00002211B4A1288C2F3022241EA4211184A4B
:101AC0001288C2F3C02241EA0211154A1288C2F3F9
:101AD000003241EAC201124A1288C2F3413241EA9D
:101AE00042010F4A128841EAD2300BF013F8064641
:101AF0002046FFF779FF30B200EE900AF8EEE00AD8
:101B000020EE200ADFED070A80EE201AB0EE418AAF
:101B1000B0EE480ABDEC028B70BD00000000000072
:101B20001C0000200000004710B55348008820F03A
:101B30000100514908800846008820F00E00083056
:101B400008800846008820F0700020300880084691
:101B5000008820F0800008800846008820F4E060BB
:101B600000F5007008800846008820F400600880B6
:101B70000846008820F4805000F580500880084610
:101B8000008820F4C04000F5005008800846008816
:101B900020F4004000F50040088038480AF0EFFDCE
:101BA00035490978C907090C334A1278C2F3420251
:101BB00041EA0231304A1278C2F3021241EA42216C
:101BC0002D4A1278C2F3C01241EA02212A4A128831
:101BD000C2F3022241EA4211274A1288C2F3C0220C
:101BE00041EA0211244A1288C2F3003241EAC201DA
:101BF000214A1288C2F3413241EA42011E4A128848
:101C000041EAD2300AF086FF1B480078C007000C7A
:101C100019490978C1F3420140EA013016490978AF
:101C2000C1F3021140EA412013490978C1F3C01100
:101C300040EA012010490988C1F3022140EA41101D
:101C40000D490988C1F3C02140EA01100A490988F9
:101C5000C1F3003140EAC10007490988C1F34131AD
:101C600040EA41000449098840EAD13204A106480B
:101C700005F016FE10BD00001C00002000300140E1
:101C800030782534580D0A000010014000BFFEE7EF
:101C900010B54FF4407300220121394805F0A3FA32
:101CA0004FF4407302220021354805F0C3FA4FF487
:101CB0004071334805F051FA0A2003F017FB002465
:101CC00011E04FF480712E4805F045FA052003F02D
:101CD0000DFB4FF480712A4805F03FFA052003F010
:101CE00005FB601CC4B2092CEBDB4FF48071244867
:101CF00005F033FA4FF40071214805F02CFA052065
:101D000003F0F4FA4FF400711D4805F026FA05209F
:101D100003F0ECFA4FF4007301220221184805F099
:101D200062FA4FF4007302220121154805F082FA8D
:101D30004FF4807301220221114805F054FA4FF448
:101D40008073022201210E4805F074FA0D4805F057
:101D500027FB00220C490B4805F0B0FA7223002241
:101D60001146084805F087FB064805F052FB4FF482
:101D70008061044805F09AFA0A2003F0B7FA10BD12
:101D80000004024000540040801A060000BFFEE735
:101D900000BFFEE770B5002415E004F1B001C8B241
:101DA00000F0C0F8002000F0BDF8102000F0BAF8F4
:101DB000002504E0002000F075F9681CC5B2802DF4
:101DC000F8DB601CC4B2042CE7DB70BD10B58D20BD
:101DD00000F0A8F8102000F0A5F8AF2000F0A2F85D
:101DE00010BD000010B5642003F080FA01200C49FA
:101DF0000870002409E00B49085D00F093F80848DA
:101E0000007800B910BD601CC4B2162CF3D3FFF7E4
:101E1000C1FF0021084600F007F800BFF2E700000C
:101E20001E0000201F00002070B504460D4605F17D
:101E3000B001C8B200F076F8102141EA141000F0A9
:101E400071F804F00F0000F06DF870BD2DE9F04757
:101E500007460E469046994600250024A8F120002A
:101E6000C5B27F2F02DD0027701CC6B2B9F1100F7A
:101E700022D131463846FFF7D7FF002407E004EBB4
:101E80000511174A505C00F00DF9601CC4B2082C13
:101E9000F5DB701CC1B23846FFF7C6FF002408E02E
:101EA00004EB051108310E4A505C00F0FBF8601C91
:101EB000C4B2082CF4DB11E031463846FFF7B4FF1A
:101EC000002409E005EB4501064A02EB4101085DEB
:101ED00000F0E8F8601CC4B2062CF3DBBDE8F08724
:101EE000F4E40108CCE201082DE9F04104460F4674
:101EF0001546984600260FE0AA5D4346394620461F
:101F0000FFF7A4FF04F10800C4B2782C02DD00241E
:101F1000B81CC7B2701CC6B2A85D0028ECD1BDE8E1
:101F2000F081000070B5054642F210745848007800
:101F300000B970BD0020574908700846457040F24E
:101F40000161554805F07EFA08B1FFF7A1FE02E0F5
:101F5000012003F0CBF940F201614F4805F072FA1D
:101F600010B1601E041EF3D194B9FFF791FE42F246
:101F7000107402E0012003F0B9F940F20161464813
:101F800005F060FA10B1601E041EF3D104B9D0E769
:101F9000414805F07EFA414A4FF4A0613E4805F001
:101FA000F2FD28B9FFF774FE002039490870C0E738
:101FB0006FF001027821384805F053FA374805F0F0
:101FC000ADFD68B9344805F069FA42F21071324843
:101FD00005F0EBFDFFF75CFE00202D490870A8E737
:101FE00040F201512C4805F019FA2C4A40F20751F1
:101FF000294805F0C8FD28B9FFF74AFE002024490A
:10200000087096E7234B00220621254803F079FD4E
:1020100002220621224803F0A9FF4FF400611E4866
:1020200005F0EFF906211E4803F06FFC1B4A06215C
:102030001B4805F095FD68B90621194803F055FCC9
:102040000021154805F0DDF9FFF722FE00201049B8
:1020500008706EE720220621114803F0ECFC0621EF
:102060000F4803F042FC00210B4805F0CAF90A486A
:1020700005F014FA0949084805F097FD28B9FFF75B
:1020800007FE00200249087053E700BF51E7000037
:102090001E0000200400002000540040A086010023
:1020A0000060024070B5054642F21074584800784E
:1020B00000B970BD4020574908700846457040F28D
:1020C0000161554805F0BEF908B1FFF7E1FD02E0F6
:1020D000012003F00BF940F201614F4805F0B2F91D
:1020E00010B1601E041EF3D194B9FFF7D1FD42F286
:1020F000107402E0012003F0F9F840F20161464853
:1021000005F0A0F910B1601E041EF3D104B9D0E7A8
:10211000414805F0BEF9414A4FF4A0613E4805F040
:1021200032FD28B9FFF7B4FD002039490870C0E737
:102130006FF001027821384805F093F9374805F02F
:10214000EDFC68B9344805F0A9F942F21071324843
:1021500005F02BFDFFF79CFD00202D490870A8E736
:1021600040F201512C4805F059F92C4A40F2075130
:10217000294805F008FD28B9FFF78AFD0020244909
:10218000087096E7234B00220621254803F0B9FC8E
:1021900002220621224803F0E9FE4FF400611E48A6
:1021A00005F02FF906211E4803F0AFFB1B4A06215C
:1021B0001B4805F0D5FC68B90621194803F095FBCA
:1021C0000021154805F01DF9FFF762FD00201049B8
:1021D00008706EE720220621114803F02CFC06212E
:1021E0000F4803F082FB00210B4805F00AF90A486A
:1021F00005F054F90949084805F0D7FC28B9FFF75C
:1022000047FD00200249087053E700BF51E7000076
:102210001E0000200600002000540040A08601009F
:102220000060024000BFFEE710B54FF4807008F078
:102230001BFA18B14FF4807008F00EFA4FF400301A
:1022400004F0C2F810BD10B509F01EFC10BD00BFAF
:10225000FEE710B503F03EF810BD00002DE9FF4782
:102260000FF2E80ADAE900C8DAE9029ACDE900C813
:10227000CDE9029ADFF8E4C0DCF800C0CCF38107B6
:1022800027B1012F09D0022F43D10DE0DFF8D0C0D4
:10229000DFF8D080C8F800C042E0DFF8CCC0DFF83B
:1022A000C480C8F800C03BE0DFF8B0C0ACF1040C5B
:1022B000DCF800C00CF03F01DFF8A0C0ACF1040C6A
:1022C000DCF800C0CCF38812DFF890C0ACF1040C4D
:1022D000DCF800C0CCF3014C0CF1010C4FEA4C04CB
:1022E000DFF878C0ACF1040CDCF800C00CF480031B
:1022F000B3F5800F01D11C4800E01948B0FBF1FC98
:102300000CFB02FCBCFBF4FCDFF85880C8F800C0F2
:1023100006E0DFF84CC0DFF84C80C8F800C000BF12
:1023200000BFDFF838C0DCF800C0CCF303151DF89F
:102330000560DFF830C0DCF800C02CFA06FCDFF8DE
:102340002480C8F800C0BDE8FF870000000000003E
:1023500000000000010203040607080908380240D3
:102360000024F400D801002040787D011CB55A48B3
:10237000006840F47000584908605848006840F010
:1023800001005649086000BF5448006800F0020090
:102390000028F9D051480830006800F00C000828E7
:1023A0006ED100BF0020019002E00198401C019016
:1023B00001985028F9D349480830006800900098E7
:1023C00020F0F0000090009840F080000090434919
:1023D0000831009808600020019002E00198401C3C
:1023E000019001985028F9D33C48083000680090CB
:1023F000009820F0F0000090009840F090000090CD
:1024000036490831009808600020019002E00198E8
:10241000401C019001985028F9D3304808300068DA
:102420000090009820F0F0000090009840F0A0008C
:1024300000902A490831009808600020019002E0CD
:102440000198401C019001985028F9D32348083086
:1024500000680090009820F0F0000090009840F094
:10246000B00000901D4908310098086000200190DC
:1024700002E00198401C019001985028F9D300BF58
:10248000C82000F0CBFD15480830006820F003009C
:1024900012490831086011480068114908400F4985
:1024A00008600846006820F48020086000200B497E
:1024B0000831086000BF0948083000680020002883
:1024C000F9D108480549091D0860002003490C316D
:1024D00008600BF023FB1CBD88ED00E000380240D3
:1024E000FFFFF6FE1030002470B51F491F480BF0A7
:1024F000ABFE002837D01D480BF0D6FD02211C484A
:1025000003F0F3F902211A4803F038FDC0F5007416
:10251000ACB1B4F5007F12D82546B5F5007F01D3E4
:1025200040F2FF154FF400711248FEF74FFF2A46A4
:1025300011491048FEF731FF0120104908704FF48F
:1025400000710D48FEF742FF20220221084803F0E7
:1025500072FA4FF400720221054803F007FD0221D0
:10256000034803F0D2F970BD0403040000100140D9
:1025700000640240D40600205402002076010020AE
:1025800010B5164916480BF05FFE30B314480BF037
:102590008BFD0521134803F0A8F90521114803F02C
:1025A000EDFCC0F5807444B121460F4805F060FD94
:1025B0000E490C8001200E4908702022052109488F
:1025C00003F039FA4FF480720521064803F0CEFC7F
:1025D0000521044803F099F900BF10BD040304006D
:1025E00000440040006002405404002078010020B4
:1025F0007701002010B50E490E480BF025FEA8B15A
:102600000C480BF051FD01210B4803F06EF920221C
:102610000121094803F00FFA4FF4807201210648A6
:1026200003F0A4FC0121044803F06FF910BD000081
:1026300004030400004800400060024000BFFEE7C1
:102640000FB4084B10B504A902AA039800F044F98E
:10265000044602A9002000F0EFFC204610BC5DF803
:1026600014FB0000393001087CB5044600201D46EB
:10267000164600290BD0491ECDE90041044B6A469D
:102680002946304600F028F9009A002111707CBDDF
:102690000730010810B5002804DB0A07130E054AAD
:1026A000135406E00A07140E034A00F00F031B1F21
:1026B000D45410BD00E400E018ED00E0BFF34F8FEC
:1026C0000648006800F4E06005490843001D03491E
:1026D0000860BFF34F8F00BF00BFFDE70CED00E0C7
:1026E0000000FA0510B52DED028BB1EEC08A18EE90
:1026F000100A20F00040C0F1FF40C00F0AD010EED9
:10270000100A20F00040C0F1FF40C00F04BF0120BC
:1027100000F01AF8B0EE480ABDEC028B10BD10B5FF
:10272000012004F0C1FE10BD704702E008C8121F6E
:1027300008C1002AFAD170477047002001E001C1AA
:10274000121F002AFBD17047014908607047000042
:10275000200200202DE9FF5F82B00021DDE9043076
:10276000020DDDF840B0034318D044F61050A2F239
:10277000FF3242431514119801281FD0A5EB0B001E
:10278000401C5FEA000A4FF000064E4FDFF8389118
:10279000B046504615D5CAF1000413E01198012443
:1027A0004AA3012801D16FEA0B010298119AC0E9EE
:1027B0000031C0E9024206B0BDE8F09FCBF1000055
:1027C000DFE704460021404A491842EB0450CDE9B6
:1027D000001012E0E00707D032463B46404649462B
:1027E000FEF725FF8046894632463B46104619468D
:1027F000FEF71DFF06460F466410002CEAD1DDE906
:102800000401DDE90023BAF1000F06DAFEF70FFF3D
:1028100042464B46FEF70BFF05E0FEF77AFF4246C5
:102820004B46FEF776FF04460E460022284BFEF785
:10283000F7FF03D84FF0FF30014607E00022254B99
:1028400020463146FEF74CFEFEF7D2FF102409E089
:10285000002C0ADB0A220023FEF711FE039B303214
:102860001A55641E50EA0102F2D1641C039AC4F1A5
:1028700011031444119A012A03D0012208430DD1F7
:102880000AE0084304D000204FF0110B119072E7CA
:10289000A3EB0B056D1E0DE05B4504DD4FF0000260
:1028A00005F1010504E003DA4FF00002A5F101058E
:1028B000002AECD002981199C0E90231C0E9004524
:1028C00079E70000000014400000F03F30000000F5
:1028D0000000F0430000E03F2DE9FF4F95B09B461C
:1028E0008946064600250FE2252877D10024274691
:1028F000F84A0121059400E0044316F8013F203B0B
:1029000001FA03F01042F7D130782A2811D06FF085
:102910002F033078A0F13002092A16D8059A44F026
:10292000020402EB820203EB42021044761C059083
:10293000EFE759F8042B0592002A03DA504244F4D9
:102940000054059044F00204761C30782E2816D1ED
:1029500016F8010F44F004042A280DD06FF02F025E
:102960003078A0F13003092B09D807EB870302EB7D
:102970004303C718761CF3E759F8047B761C3078BC
:102980006C280FD006DC4C2817D068280DD06A2898
:1029900014D104E0742810D07A280FD10DE044F44B
:1029A00000140AE044F4801401E044F44014727806
:1029B000824202D104F58014761C761C3078662899
:1029C0000BD013DC582877D009DC002875D04528B7
:1029D000F6D04628F4D047281AD19DE118E06328A4
:1029E00035D0642879D0652812D195E1702873D04C
:1029F00008DC6728F1D069286FD06E280DD06F28C9
:102A000006D1B5E073282CD0752875D0782874D0FD
:102A10005A46179990476D1C75E1C4F3025002287D
:102A200009D003280DD0D9F8001004280DD00D606E
:102A300009F1040967E1D9F80010EA17C1E9005269
:102A4000F6E7D9F800100D80F2E70D70F0E719F8FD
:102A5000041B8DF8001000208DF80100EA460120CB
:102A600003E059F804AB4FF0FF3061074FF000016D
:102A700002D40DE008F101018846B9420FDA804521
:102A8000F8DB1AF808100029F4D108E008F1010178
:102A900088468142FADB1AF808100029F6D1059819
:102AA0005B46A0EB080721463846179A00F094FAD7
:102AB000284400EB080507E04DE029E10DE01AF895
:102AC000010B5A4617999047B8F10108F7D25B46B7
:102AD00021463846179A13E142E00A220092C4F3D5
:102AE00002524FF0000A022A08D059F804CB032AF8
:102AF0004FEAEC710AD00DE029E02AE009F1070164
:102B000021F00702F2E802C1914609E00FFA8CFCBD
:102B10004FEAEC71042A03D14FFA8CFC4FEAEC71B6
:102B2000002907DA0A460021DCF1000C61EB020102
:102B30002D2202E0220504D52B228DF8042001224B
:102B400003E0E20701D02022F7E7904659E00A218E
:102B500002E010220DE010214FF0000A00910BE07E
:102B600010224FF0000A44F004040827009203E00A
:102B700008224FF0000A0092C4F30252022A05D044
:102B800059F804CB0021032A08D009E009F1070114
:102B900021F00702F2E802C1914605E01FFA8CFC21
:102BA000042A01D10CF0FF0C4FF00008220728D5B1
:102BB000702806D0009B83F0100353EA0A0305D067
:102BC0000EE040228DF80420012208E05CEA0102B8
:102BD00006D030228DF804208DF8050002229046A0
:102BE000009B83F0080353EA0A030AD15CEA01025E
:102BF00001D1620705D530228DF804204FF001087D
:102C00007F1E582804D034A003900EA802900DE037
:102C100036A0F9E753466046009AFEF730FC84463A
:102C20000398825C0298401E029002705CEA0100E8
:102C3000F0D1029806A9081A00F1200A600702D50F
:102C400024F4803400E00127574502DDA7EB0A0099
:102C500000E0002000EB0A01009005984144401A72
:102C60000590E00306D45B462146179A059800F0CC
:102C7000B3F90544002706E001A85A46C05D17993C
:102C800090476D1C7F1C4745F6DBE0030CD55B4687
:102C90002146179A059800F09FF9054404E030207A
:102CA0005A46179990476D1C0099481E00900029BC
:102CB000F5DC08E0029802995A460078491C029116
:102CC000179990476D1CBAF10001AAF1010AF1DCD5
:102CD00065E10000092801003031323334353637E0
:102CE0003839616263646566000000003031323358
:102CF00034353637383941424344454600000000F8
:102D000000F058F90544761C307800287FF4ECADCB
:102D100019B02846BDE8F08F620700D4062709F1F4
:102D2000070222F0070CFCE80223E14603F000480A
:102D30005FEA080C02D00FF2702C0DE05FEA045C31
:102D400002D50FF2682C07E05FEAC47C02D00FF2D4
:102D5000602C01E0AFF2700C4FF0FF3823F000431D
:102D6000CDF850C065280CD006DC452809D046288F
:102D70001DD047283DD13DE0662818D067287ED178
:102D800038E00021112F01DB112000E0781CCDE993
:102D9000000106A90EA8FFF7DDFCDDE90F010E9A80
:102DA00003910021009207F1010A04914DE04FF0D8
:102DB00000400097CDE9011006A90EA8FFF7CAFC54
:102DC000DDE90F0203920E9B11990022DDF80CA0A1
:102DD0000093049211B9791C00EB010AB7EB0A00C9
:102DE00004D4C0F1FF3007F1010A0490AAEB0700F8
:102DF000019044E0012F00DA01270021112F01DDAD
:102E0000112000E03846CDE9000106A90EA8FFF721
:102E1000A1FCDDE90F010E9A0391002104910092BB
:102E2000BA4621070CD40399514500DA8A46BAF113
:102E3000010F05DD009AAAF10101515C302908D08B
:102E4000B84202DA10F1040F06DA0121CDE90110CF
:102E500015E0AAF10101E9E7002805DC0499014425
:102E60000491AAEB000102E0411C514500DD8A46B5
:102E70000499401A401C01904FF000400290200736
:102E800004D40198504501DBCDF8048000208DF872
:102E90004F0002980DF14F07B0F1004F25D02B20C5
:102EA0000E9002984FF0020800280CDA404202907F
:102EB0002D200E9007E00A210298FEF7CAFA303161
:102EC000029007F8011DB8F10001A8F10108F2DC39
:102ED00002980028EFD1791E0E980870307800F023
:102EE000200040F0450007F8020D12A8C01B00F1B9
:102EF00007081498007800B1012000EB0A0101983E
:102F000001EBE07105984144401A401E0590E00332
:102F100006D45B462146179A059800F05DF80544F3
:102F20001498007818B15A46179990476D1CE00321
:102F300024D55B462146179A059800F04DF80544C4
:102F40001CE00498002807DBDDE90301884203DD6B
:102F50000098405C179901E0179930205A46904735
:102F6000049805F10105401C04900198401E019051
:102F700004D12E205A46179990476D1CBAF10001D2
:102F8000AAF1010ADDDC05E017F8010B5A46179992
:102F900090476D1CB8F10001A8F10108F4DC5B4614
:102FA0002146179A0598ABE62D0000002B00000083
:102FB000200000002DE9F041044600251E4617467A
:102FC000880404D405E039462020B0476D1C641EF7
:102FD000F9D52846BDE8F0812DE9F04104460025E9
:102FE0001E469046C80301D5302700E020278804FC
:102FF00004D505E041463846B0476D1C641EF9D53E
:103000002846BDE8F0814A68002A06D00A68531CA9
:103010000B6010704868401E4860704708B500217A
:10302000009102E00099491C009100EB8001009A98
:10303000B2EB410FF6D308BD0A68531C0B60107049
:103040007047816841F00801816000BF816801F02C
:1030500008010029FAD1816841F00401816000BFB4
:10306000816801F004010029FAD1704730B50129C7
:1030700002D0022920D10FE06AB1102A0BD8C36A0E
:1030800023F47003C362C36A541E4FF4700505EA4B
:1030900004542343C36210E06AB1042A0BD8836B43
:1030A00023F440138363836B541E4FF4401505EAE9
:1030B00004542343836300E000BF00BF30BD000021
:1030C0000649096821F4E021054AC2F804131146B3
:1030D000D1F804130143C2F80413704704230140DC
:1030E0000020014021B1826842F40062826003E066
:1030F000826822F4006282607047816821F00101D9
:1031000081607047816821F48071816070478168B7
:1031100041F4807181607047816841F40071816081
:103120007047816801F0010119B9816841F001011E
:1031300081607047012902D0022912D108E083681A
:1031400023F040538360836843EA0273836009E09D
:10315000836823F440138360836843EA02538360E7
:1031600000E000BF00BF7047012902D0022910D142
:1031700007E0836823F07063836083681343836090
:1031800008E0836823F470238360836813438360BB
:1031900000E000BF00BF704702688A4302607047CA
:1031A0000246002013680B4003B101207047000065
:1031B00000EE100AB8EE400A9FED041AC0EE010AB4
:1031C0009FED030A20EE800A7047000000F07F4563
:1031D00033335340F0B51D4606290CDA436B01EB3F
:1031E00081071F26BE40B34301EB810602FA06F6B3
:1031F0003343436322E00C290EDA036B8E1F06EB88
:1032000086071F26BE40B3438E1F06EB860602FAD2
:1032100006F63343036311E010290FDAC36AA1F104
:103220000C0606EB86071F26BE40B343A1F10C0631
:1032300006EB860602FA06F63343C3620A2A0CDA64
:10324000046902EB42070726BE40B44302EB420684
:1032500005FA06F63443046111E0122A0FDCC46853
:10326000A2F10A0606EB46070726BE40B443A2F1C8
:103270000A0606EB460605FA06F63443C460F0BDBE
:103280000146C86C80B27047012902D002290AD1D8
:1032900004E0826842F08042826005E0826842F485
:1032A0008002826000E000BF00BF7047AAB101F455
:1032B00080731BB1436843F48073436001F48063FF
:1032C0001BB1436843F48063436001F00203CBB158
:1032D000836843F00203836014E001F480731BB140
:1032E000436823F48073436001F480631BB1436837
:1032F00023F48063436001F002031BB1836823F071
:1033000002038360704700000649096821F01F012D
:10331000054AC2F804131146D1F804130143C2F858
:1033200004137047042301400020014010B509F048
:10333000F7FF024800880249088010BD08000020FD
:103340000C000020014601EB41004FF4805202EBDB
:10335000C00070471CB50548054900231A46CDE951
:1033600000100721034802F03DFE1CBD41940108F6
:10337000CD9401086400002070B504460D48008813
:10338000AA2806D34FF4805009F0F6FA0020094924
:10339000088008480088FFF7D5FF0546182229460F
:1033A000204609F01BFA03480088401C01490880A8
:1033B00070BD0000B80100202DE9F04104460D4623
:1033C000207803F058FF0646607803F054FF074664
:1033D000FF2E01D0FF2F03D14FF0FF30BDE8F08169
:1033E00047EA061028700020F8E7014601F00F00B8
:1033F0000A0902EB820200EB4200C0B270470000F3
:1034000070B505F021F80446002512E005F0CFF86C
:1034100005F0C0F818B105F00FF805F059F803F001
:103420003BFE064A1060516005F000F8204605F0AA
:10343000B9F8281E05F10405E8D070BD1802002077
:1034400070B50446002007E051F8205052F8206083
:10345000354044F82050401C5D1E012606EB5515F2
:103460008542F1D870BD30B501F01F05012404FA82
:1034700005F33AB14C0950F824401C434D0940F87B
:10348000254006E04C0950F824409C434D0940F883
:10349000254030BD2DE9F04105460E461446601E1C
:1034A000012101EB5010820031462846FDF7A0FFB4
:1034B00007463846BDE8F0810246480952F82030F8
:1034C00001F01F0023FA00F000F00100704770B512
:1034D00002460B46002400211BE052F82100B8B13F
:1034E00052F821004FF0553505EA5005401B00F019
:1034F00033354FF0333606EA9006A81900EB101565
:1035000005F00F3000EB004505EB05252D0E2C4492
:10351000491C581E012505EB50108842DDD8204675
:1035200070BD70B50446002007E051F8205052F8F5
:103530002060354344F82050401C5D1E012606EBF8
:1035400055158542F1D870BD30B501460B460022B5
:103550002024002002E01D5C2A44401CA042FAD333
:10356000104630BD10B540F6024006F025FE41F28F
:10357000091006F021FE4FF44030FFF7A1FD0223B1
:1035800000220321174803F02EFE0020FFF7BCFEA7
:10359000002202211448FFF789FE00224FF48071B7
:1035A0001148FFF783FE00210F48FFF79BFD012222
:1035B00011460D48FFF75AFD01230B2200210A484E
:1035C000FFF708FE002201210748FFF7B3FD064878
:1035D000FFF7A7FD012001F073FE0348FFF731FD5F
:1035E00010BD0000000802400021014010B502217A
:1035F0000A48FFF7D1FD01210848FFF745FE00BF4B
:1036000002210648FFF7CCFD0128F9D10221034829
:10361000FFF7C2FD0148FFF733FE10BD0021014056
:1036200000B589B040F6024006F0C6FD41F2081030
:1036300006F0C2FD40F6164006F0BEFD4FF44030E5
:10364000FFF73EFD0523002203213C4803F0CBFD9C
:1036500004213B4802F09CF93A4800900120019077
:1036600039480290002003904FF40060049000203D
:10367000069002200790000408906A460421304812
:1036800002F05CFB002204212D4802F04EF90421D7
:103690002B4802F06DF90421294802F036F9002088
:1036A000FFF732FE0122022126484C38FFF7FEFDCB
:1036B0000122110223484C38FFF7F8FD0021214870
:1036C0004C38FFF70FFD022201211E484C38FFF74E
:1036D000CDFC01230A2200211A484C38FFF77AFD5D
:1036E00001230C22194617484C38FFF773FD0022BE
:1036F000012114484C38FFF737FD00220121114801
:103700004C38FFF717FD0F484C38FFF705FD0D4803
:103710004C38FFF7FCFC0B484C38FFF702FD01204A
:1037200001F0CEFD07484C38FFF78BFC012105481E
:103730004C38FFF7A9FD09B000BD000000080240A9
:10374000006402404C2001400800002010B540F603
:10375000014006F031FD40F6044006F02DFD4FF427
:10376000406006F029FD4AF6802301220021084826
:1037700003F039FD01231A460021064803F033FD0A
:1037800001231A460021044803F02DFD10BD00005E
:1037900000100240000402400000024010B54FF447
:1037A000406006F009FD41F21D0006F005FD41F202
:1037B000040006F001FD1023002203210D4803F050
:1037C00012FD0D4801F0F4FC002211460A4801F0F8
:1037D0002AFD0021084801F019FD00221146064883
:1037E00001F035FD0021044801F003FD0AF0C2F9A3
:1037F00010BD0000000002400074004010B5FEF74C
:10380000B5FDFEF72BFD0AF08DF90AF09FFB00F0E5
:10381000D1F9FFF79BFF00F0DBFC00F0FBFB00F0B1
:103820009FFA00F021FAFEF7DDFAFFF7F9FEFFF745
:10383000B5FFFFF797FE00F04BF800F095F807F0A2
:1038400099FE10BD10B541F21C0006F0B5FC72B631
:1038500000F078FC00F0ECF900F09EFB00F088FB33
:103860001748FFF74AFC1648FFF74CFC042115489F
:1038700002F03BF80021144801F0AEFC13480AF0B6
:103880005FFA00F0C5F800F033FD002004F0A2FE5E
:10389000012004F09FFEFFF7B3FD4FF0E020006928
:1038A00020F002004FF0E021086162B600224FF4E0
:1038B0004021012004F0A6FEFFF7A0FF10BD00008C
:1038C00000200140006402400074004000100040ED
:1038D00000B587B040F6014006F06EFC41F20E00E4
:1038E00006F06AFC40F6154006F066FC4FF46042B4
:1038F00005211B4803F000FC4FF460430022022125
:10390000174803F070FC4FF4604302220021144872
:1039100003F090FC4FF4805300220121104803F083
:1039200062FC4FF48053022200210D4803F082FC18
:10393000002001904FF4827000900020029003203C
:1039400005904FF400700390102006900020049022
:103950006946044809F070F908F0D2FF07B000BDCD
:10396000000402400038004000B587B04FF44060CA
:1039700006F022FC40F6044006F01EFC41F20C105A
:1039800006F01AFC40F6164006F016FCE02205216F
:103990001C4803F0B1FBE02300220221194803F088
:1039A00022FCE02302220021164803F043FC4FF4DE
:1039B000807300220121144803F015FC4FF480733A
:1039C00002220021104803F035FC4FF480710E48AC
:1039D00003F0C3FB002001904FF4827000900020A0
:1039E00002900120059040020390102006900020D4
:1039F00004906946054809F01FF9FEF795F807B0ED
:103A000000BD0000000002400010024000300140F4
:103A100010B54FF4406006F0CFFB40F6014006F0D1
:103A2000CBFB40F6024006F0C7FB40F6034006F031
:103A3000C3FB40F6044006F0BFFB00BF00BF4FF4DD
:103A400080705749086000BF00BF00BF00BF400042
:103A5000086000BF00BF00BF00BF4000086000BF9B
:103A600000BF00BF00BF4000086000BF00BF00BF34
:103A700000BF4000086000BF00BF00BF00BF4000A3
:103A8000086000BF00BF4AF680230022032145489A
:103A900003F0A9FB012300220321434803F0A3FB09
:103AA0004FF4C06300220321404803F09CFB0C2329
:103AB000002203213D4803F096FB0223002201214E
:103AC0003A4803F090FB022300221146374803F0E6
:103AD000B1FB00BF02203549886200BF4FF440634C
:103AE00000220321304803F07EFB4FF44073002294
:103AF00003212D4803F077FB4FF46043002203219C
:103B0000294803F070FB4FF480530022012126481E
:103B100003F069FB4FF4805300221146224803F062
:103B200089FB4FF48050204918310860E0230022BF
:103B300003211E4803F057FB4FF48073002201213C
:103B4000184803F050FB4FF48073002211461548CB
:103B500003F070FB4FF48070124988610523002246
:103B60000321134803F03FFB1023002203210F48D9
:103B700003F039FB4FF4F853002203210C4803F003
:103B800032FB0423002203210548283803F02BFBD5
:103B900001231A460021054803F025FB10BD000053
:103BA000280C0240001002400004024000000240C5
:103BB0000008024010B540F6034006F0FDFA4FF44D
:103BC0007C5301221146194803F00DFB4FF47C533E
:103BD00002220021154803F02DFB00BF00BF4FF467
:103BE000807012492831086000BF00BF00BF00BFCD
:103BF0004000086000BF00BF00BF00BF4000086079
:103C000000BF00BF00BF00BF4000086000BF00BF92
:103C100000BF00BF4000086000BF00BF00BF00BF82
:103C20004000086000BF00BF10BD0000000C024053
:103C300010B5FEF7CBF80021084803F0E2FB06219F
:103C4000074801F052FE054803F0D6FB4FF44073DD
:103C500000220321034803F0C6FA10BD00540040BF
:103C6000006002400004024000B589B040F6014007
:103C700006F0A2FA41F2150006F09EFA40F6154051
:103C800006F09AFA4FF400720421304803F034FA37
:103C90004FF4807204212D4803F02EFA4FF4007384
:103CA00001220221294803F09EFA4FF400730222F8
:103CB0000121264803F0BEFA4FF48073012202214D
:103CC000224803F090FA4FF48073022201211F482A
:103CD00003F0B0FA00221E491E4803F0EFFA7223E7
:103CE000002211461B4803F0C6FB1A4803F091FB63
:103CF0004FF48061174803F0D9FA0621164801F005
:103D000047FE684602F0C6F840200690134802902D
:103D1000002003900490022007900E48103000907D
:103D2000012001904FF4403008906A4606210A486D
:103D300002F004F80621084801F00AFE01220621DB
:103D4000054801F0F2FD09B000BD0000000402408A
:103D5000801A060000540040006002400600002067
:103D600000B589B040F6154006F026FA052148480E
:103D700001F00EFE002006904648029000200390BD
:103D80004FF480700790444800900120019000207B
:103D900004904FF4403008906A4605213C4801F0F9
:103DA000CDFF05213A4801F0D3FD04220521384812
:103DB00001F0BBFD0521364801F0A7FD4FF440603E
:103DC00006F0FAF941F2110006F0F6F90422072193
:103DD000324803F091F908220721304803F08CF9AA
:103DE0000423012202212D4803F0FDF904230222BD
:103DF00000212A4803F01EFA082301220221274845
:103E000003F0F1F9082302220021244803F012FAFA
:103E10002148001F0AF052F94FF496411E48001F36
:103E20000AF0CEF804211C48001F0AF02AFA0821E3
:103E30001948001F0AF02DFA40211748001F0AF008
:103E4000B0F91548001F0AF0B6F90022012126201A
:103E500003F070FD4FF441710F48001F0AF0E7F9BD
:103E60004FF4406006F0A8F90223012211460B48E6
:103E700003F0B9F902231A460021084803F0DAF9E1
:103E800000BF02200549886200BF09B000BD0000E4
:103E9000006002405404002004440040000002403E
:103EA00010B5002441F21C0006F086F904F088FBEE
:103EB00000F010F805480068C0F3012004490860CC
:103EC00000F026F805F0F6FF204610BD70380240DD
:103ED0001800002010B54FF4E05006F0ADF84FF494
:103EE000E05006F0BBF84FF4807006F09BF9FF201D
:103EF000054908607F200549086041F60F4006F03B
:103F00005BF906F087FC10BD1400002010000020B3
:103F10002DE9F04100272324592550261048006838
:103F20001049088110480068488125200870062043
:103F3000C870042048703020887000200861C86074
:103F4000084604714571867106F098FB08B97F1E1A
:103F500003E043F2F020054908603846BDE8F081EF
:103F600010000020540600201400002050280040BB
:103F700010B5312003F0C8FC08F04CFB08F0C8FA7B
:103F800008F034F908F03CFB0321024801F0ADFCD5
:103F900010BD00000064024010B54FF48051174876
:103FA00003F0DBF84FF48071154803F0D6F80121D7
:103FB000144808F0CEFB0021124808F0CAFB01218A
:103FC000114808F0C6FB00210F4808F0C2FB03218E
:103FD0000E4801F08AFC04210C4801F086FC002107
:103FE0000B4801F082FC0521094801F07EFC0548E0
:103FF00008F0AAFB044808F0A7FB10BD000402402B
:1040000000100240003800400030014000600240D3
:104010000064024000B589B040F6154006F0CCF8C7
:104020000121404801F0B4FC002006903E48029077
:10403000002003904FF4807007903C4800900120CE
:104040000190002004904FF4403008906A4601210E
:10405000344801F073FE0121324801F079FC04225A
:104060000121304801F061FC01212E4801F04DFC96
:1040700040F6014006F0A0F841F2120006F09CF86C
:104080004FF4806207212A4803F036F84FF40062AB
:104090000721274803F030F84FF480630122022102
:1040A000234803F0A0F84FF4806302220021204847
:1040B00003F0C0F84FF40063012202211C4803F012
:1040C00092F84FF4006302220021194803F0B2F87D
:1040D0001648001F09F0F2FF4FF4E1311348001FAA
:1040E00009F06EFF04211148001F0AF0CAF80821E8
:1040F0000E48001F0AF0CDF840210C48001F0AF0BE
:1041000050F80A48001F0AF056F800220321272021
:1041100003F010FC4FF441710448001F0AF087F8C7
:1041200009B000BD00600240540500200448004072
:104130000004024010B500F04BF8FFF76BFFFFF7EB
:104140000FFE10BD10B54FF441711C480AF062F823
:10415000252003F0D9FB002118480AF022F802219B
:10416000174801F0C2FB15480AF016F84FF44171E8
:1041700014480AF04FF8262003F0C6FB002111482E
:104180000AF00FF80521104801F0AFFB0D480AF0C6
:1041900003F84FF441710D480AF03CF8272003F072
:1041A000B3FB0021094809F0FCFF0121064801F09A
:1041B0009CFB064809F0F0FF10BD00000010014014
:1041C000006402400044004000600240004800409B
:1041D00000B589B040F6164005F0EEFF02214048D8
:1041E00001F0D6FB002006903E480290002003908C
:1041F0004FF4007007903C4800900120019000208F
:1042000004904FF4403008906A460221344801F08F
:1042100095FD0221324801F09BFB04220221304827
:1042200001F083FB02212E4801F06FFB4FF4406048
:1042300005F0C2FF41F2041005F0BEFF4FF400721A
:1042400007212A4802F058FF4FF4806207212748CF
:1042500002F052FF4FF4007301220221234802F0C2
:10426000C2FF4FF4007302220021204802F0E2FF57
:104270004FF48063012202211C4802F0B4FF4FF486
:10428000806302220021194802F0D4FF1648001F63
:1042900009F014FF4FF4E1311348001F09F090FEBC
:1042A00004211148001F09F0ECFF08210E48001FEF
:1042B00009F0EFFF40210C48001F09F072FF0A4887
:1042C000001F09F078FF00221146252003F032FB81
:1042D0004FF441710448001F09F0A9FF09B000BD67
:1042E000006402405402002004100140000002401B
:1042F00010B54FF4406005F05FFF41F20E1005F07D
:104300005BFF01231A4600210A4802F06CFF0021DE
:10431000084609F025FB02220021012001F0F6FFEA
:10432000012002F051F800220121062003F002FBD7
:1043300010BD00000000024010B502F07DFE0446F2
:1043400001F07EFE10BD0000054A02EB101212784B
:104350000A7000F00F02024B9A5C4A70704700002E
:10436000B8F301082DE9F0412DED028B96B004A8B9
:1043700006F072FE04461D2C7ED156A15C4803F067
:104380008FFA9DF84800082823D2DFE800F00409DE
:104390000E222213181D57A1554803F081FA1DE083
:1043A0005FA1534803F07CFA18E068A1504803F07D
:1043B00077FA13E06EA14E4803F072FA0EE074A192
:1043C0004B4803F06DFA09E07CA1494803F068FA14
:1043D00004E084A1464803F063FA00BF00BF0C98D4
:1043E000401C85024FF4007606F0E2FD00EE100A54
:1043F000F8EE400A9FED811A80EE810ADFED7F0A18
:1044000080EE201A11EE107A3846FDF70FF841ECD5
:10441000180B06F0CDFD80468DED008B424678A14D
:10442000334803F03DFA32467EA1314803F038FAB2
:104430002A4683A12E4803F033FA9DF8102087A165
:104440002B4803F02DFABDF812208AA1284803F06A
:1044500027FA0598000E8DF808000598000C8DF8D5
:1044600009000598000A8DF80A000598C0B28DF879
:104470000B009DF8180000E021E08DF80C000020F2
:104480008DF80D0002AA82A1194803F009FA9DF8DF
:10449000190000F00F039DF81900020981A11448CA
:1044A00003F0FEF9079A86A1114803F0F9F99DF887
:1044B0002400421C8AA10E4803F0F2F904E02246CF
:1044C0008CA10B4803F0ECF916B0BDEC028BBDE8F3
:1044D000F08100000D0A2A2A2A20534420436172E9
:1044E0006420496E666F202A2A2A0D0A0000000007
:1044F000001001404361726420547970653A205382
:1045000074616E646172642043617061636974797F
:1045100020534420436172642056312E310D0A002D
:104520004361726420547970653A205374616E64FB
:10453000617264204361706163697479205344201F
:10454000436172642056322E300D0A00436172645A
:1045500020547970653A204869676820436170612A
:104560006369747920534420436172640D0A00002A
:104570004361726420547970653A204D756C74699A
:104580006D6564696120436172640D0A000000007A
:104590004361726420547970653A204869676820E5
:1045A0004361706163697479204D756C74696D65E0
:1045B00064696120436172640D0A000043617264A2
:1045C00020547970653A20486967682053706565A2
:1045D00064204D756C74696D656469612043617216
:1045E000640D0A004361726420547970653A205565
:1045F0006E6B6E6F776E0D0A000000000000804445
:104600000D0A2323204465766963652073697A6502
:104610002069732025644B422028252E32664742AC
:10462000292323000D0A232320426C6F636B207320
:10463000697A6520697320256442202323000000E5
:104640000D0A232320426C6F636B20636F756E74B9
:104650002069732025642023230000004D616E75BE
:1046600066616374757265722049443A203078251A
:10467000580D0A004F454D2F4170706C696361748D
:10468000696F6E2049443A20307825580D0A0000A1
:1046900050726F64756374204E616D653A202573A6
:1046A0000D0A000050726F6475637420526576695C
:1046B00073696F6E3A2025642E25640D0A00000090
:1046C00050726F647563742053657269616C204E1B
:1046D000756D6265723A203078253038580D0A00C1
:1046E0004353442056657273696F6E3A2025642ED9
:1046F000300D0A000D0A4661696C656420746F20F4
:10470000676574205344206361726420696E666F2C
:10471000726D6174696F6E2C206572726F722063A6
:104720006F64653A2025640D0A00000030B52DED58
:10473000028B87B00446B0EE408AF0EE608A032C0C
:1047400003D307B0BDEC028B30BDB4EEE88AF1EEC6
:1047500010FA01DD012000E000200546E5B1104817
:10476000005DC8B9182101A8FCF730FE0D48019082
:1047700009F006F802908DF80C40CDED048A8DED1D
:10478000058A01A8FEF7F8FD07480078012802D144
:1047900001A801F0A2FD00BF0148055500BFD0E708
:1047A000B5010020EEFFC0A5B401002070B504469D
:1047B0000D46607801232A4604F1300101F03FF8EC
:1047C00008B1032070BD94F82E1294F82F0241EA2C
:1047D00000204AF65521884201D00220F2E794F8E1
:1047E0006900010694F8680041EA004194F8670006
:1047F00041EA002094F86610084320F07F400E49FB
:10480000884201D10020DDE794F88500010694F884
:10481000840041EA004194F8830041EA002094F8C2
:104820008210084320F07F400349884201D10020D4
:10483000C8E70120C6E70000464154002DE9F041D9
:1048400003F018FE461C41F1000703F003FE044686
:104850000D4603F09FFE40B1311B67EB0500103998
:1048600070F1000001DBA4197D4120462946BDE816
:10487000F081024600E0521C107810B11078884296
:10488000F9D11078704700002DE9F74F88B00898EB
:10489000006801900198007830380790079809283F
:1048A0000AD8019840783A2806D10198801C0190D6
:1048B00008990198086001E000200790079818B156
:1048C0000B200BB0BDE8F08FD049079851F820407D
:1048D000099804600CB90C20F3E7207878B160786F
:1048E00000F0D5FF804608F0010040B90A9820B1D9
:1048F00008F0040008B10A20E3E70020E1E7002007
:10490000207007986070607800F053FF804608F0D0
:10491000010008B10320D4E70A9820B108F0040090
:1049200008B10A20CDE74FF0000B59462046FFF7AB
:104930003DFF054600BF012D21D14FF0000ABAF11D
:10494000000F03D0AAF1010000F0FF0A4FF4DF705E
:1049500000EB0A1104F130000F18387978B1F87AB9
:104960000106B87A41EA0041787A41EA0020397AB2
:1049700040EA010B59462046FFF718FF0546032D74
:1049800001D101209DE70DB10D209AE73B20015D8B
:1049900094F83C0041EA0020B0F5007F01D00D20E2
:1049A0008FE74620015D94F8470041EA0029B9F1FC
:1049B000000F0ED194F85700010694F8560041EA12
:1049C000004194F8550041EA002094F8541040EA60
:1049D0000109C4F81C904020065DE670012E03D04A
:1049E000022E01D00D206CE709FB06F93D20005D89
:1049F0000646A07016B1701E304008B10D2060E769
:104A00004120015D94F8420041EA00202081207A93
:104A100000F00F0008B10D2053E74320015D94F82A
:104A2000440041EA00200690069870B994F85300BB
:104A3000010694F8520041EA004194F8510041EA1D
:104A4000002094F85010084306903E20015D94F831
:104A50003F0041EA00200290029808B90D2030E79B
:104A600002984844218900EB11100590DDE9050109
:104A7000814201D20D2024E7DDE90510401AA1781A
:104A8000B0FBF1F00490049808B90D2019E7012556
:104A900040F6F6710498884200D302254FF6F6716D
:104AA0000498884200D303250498801CA0610598CF
:104AB0005844A062029858442062032D16D12089E0
:104AC00008B10D20FDE694F85F00010694F85E0041
:104AD00041EA004194F85D0041EA002094F85C103E
:104AE00008436062A0698000039014E0208908B93F
:104AF0000D20E6E6206A48446062022D02D1A069DA
:104B0000400007E0207E00F00100A16901EB4101B7
:104B100000EB51000390E169039800F2FF10B1EB44
:104B2000502F01D20D20CCE64FF0FF302061002045
:104B3000E060032D5CD1607194F8601094F861001E
:104B400041EA0020584460616078012304F130019B
:104B5000626900F074FEE8BB94F82E1294F82F02FC
:104B600041EA00204AF65521884241D13320005DB8
:104B700001063220005D41EA00413120005D41EA3A
:104B8000002094F8301008432149884230D194F82D
:104B90001702010694F8160241EA004194F8150242
:104BA00041EA002094F8141208431A4988421FD1A0
:104BB00094F81F02010694F81E0241EA004194F89D
:104BC0001D0241EA002094F81C120843E06094F8AA
:104BD0001B0200E00CE0010694F81A0241EA0041D1
:104BE00094F8190241EA002094F818120843206151
:104BF000257009480088401C80B207490880E08081
:104C00000020E062207100BF5BE600005C00002035
:104C10005252614172724161600000200246891E59
:104C20009069801E884201D8002070479378906A6E
:104C300001FB0300F9E7000070B51D25084C00E0FA
:104C4000641E802007F014FD08B9002CF8D114B9B7
:104C50001325284670BD034807F004FD2846F9E7F0
:104C6000A0860100FF07C0002DE9F04705460C466D
:104C7000207820F04000401E00EB800101EBC006D0
:104C800000274FF0010800BF1A48C05D205C194999
:104C9000C95D2144497840EA0129B8F1000F10D0DC
:104CA000484601F0EFFE8046FF2E07D23146761CC3
:104CB00035F8110001F0E6FE404508D00020BDE8BF
:104CC000F0874FF6FF70814501D00020F7E7781C90
:104CD00007460D28D8D3207800F0400038B1B8F14D
:104CE000000F04D035F8160008B10020E7E70120D6
:104CF000E5E7000064ED01080146012904D002291E
:104D000005D0032909D105E04FF47A70704740F6C9
:104D1000B830FBE741F28830F8E70020F6E7000002
:104D20002DE9F0470746884691469A461C4805F00B
:104D300061FC1B49887908F075FC044618494879DC
:104D400008F070FC05461649087908F06BFC064629
:104D50003C443C20B4FBF0F005443C20B4FBF0F1B3
:104D600000FB1144B5FBF0F006443C20B5FBF0F12C
:104D700000FB11551820B6FBF0F100FB1166E0B204
:104D800008F056FC8AF80000E8B208F051FC89F8F7
:104D90000000F0B208F04CFC88F80000BDE8F08795
:104DA000540600203EB504466B4601AA02A92046DF
:104DB000FFF7B6FF012005F0BFFB4FF00040174999
:104DC000086000204860012008729DF808004872C1
:104DD0009DF8040088729DF80000C8720020C86029
:104DE000012005F077FB4FF4807005F035FC4FF49F
:104DF000805005F0F1FC012005F0DEFB0022114699
:104E00004FF4003001F082FA4FF4003001F0DCFA88
:104E100000220121292002F08DFD3EBD6806002000
:104E200070B504460D462A4621464FF0FF3000F08B
:104E300007F8064600F001F870BD0146C843704708
:104E400030B50B46002110E05D5C6840002409E0AD
:104E500000F001051DB1064D85EA500500E045084A
:104E60002846641C082CF3D3491C9142ECD330BD76
:104E70002083B8ED2DE9F04704468946B9F1000FCB
:104E800006D1E76817B1A069B84211D801270FE031
:104E90004946204602F05CF80646022E02D2012066
:104EA000BDE8F087A069B04201D93046F8E74F4627
:104EB0003D4600BF6D1CA069A84204D80225BD4232
:104EC00001D90020ECE72946204602F041F80646C9
:104ED00006B909E0701C08B1012E01D13046DFE7A8
:104EE000BD42E7D10020DBE700BF6FF070422946EA
:104EF000204604F0E8FD8046B8F1000F08D1B9F172
:104F0000000F05D02A464946204604F0DCFD8046C5
:104F1000B8F1000F09D1E5602069401C68B1206933
:104F2000401E20610120607107E0B8F1010F02D13D
:104F30004FF0FF3000E0012005462846B0E70000B2
:104F40002DE9F34F83B082460498D0F800B001E019
:104F50000BF1010B9BF800002F28F9D09BF8000003
:104F60005C28F5D0DAF81C9000252E4600BF3046AC
:104F7000761C1BF80040202C03DB2F2C01D05C2C6E
:104F800000D11CE0FF2D03D3062005B0BDE8F08F53
:104F9000E4B20121204601F04FFD04460CB9062081
:104FA000F3E7802C06DA21466BA0FFF762FC08B11C
:104FB0000620EAE728466D1C29F81040D7E700BF15
:104FC0000BEB060104980160202C01DA042000E0BC
:104FD0000020074608E0681E39F81040202C02D057
:104FE0002E2C00D002E06D1E002DF4D100BF0DB9B3
:104FF0000620CAE7002029F815000B222021DAF844
:10500000180002F0F7FB002600E0761C39F81600C5
:105010002028FAD039F816002E28F6D00EB147F025
:10502000030700E06D1E25B1681E39F810002E2818
:10503000F8D14FF00008CDF808800820019000BF9B
:105040003046761C39F8104004B955E0202C03D0C6
:105050002E2C04D1AE4202D047F00307F0E7DDE981
:105060000110884201D2AE4216D101980B2802D11C
:1050700047F0030740E0AE4201D047F00307AE42DD
:1050800000D939E02E46082002900B2001904FEA0B
:1050900088604FEA1068D3E7802C0BDB00212046A4
:1050A00001F0CAFC04461CB1A4F180002D490C5C3F
:1050B00047F0020700BF24B121462BA0FFF7D9FB20
:1050C00018B15F2447F003070FE0412C04DB5A2C92
:1050D00002DC48F0020808E0612C06DB7A2C04DCD4
:1050E00048F00108A4F1200084B2DAF818300298E0
:1050F000411C02911C54A3E700BFDAF818000078A5
:10510000E52803D10520DAF818100870019808285E
:1051100003D14FEA88604FEA106808F00C000C28B1
:1051200003D008F00300032801D147F0020707F07D
:10513000020058B908F00300012801D147F0100718
:1051400008F00C00042801D147F00807DAF818002D
:10515000C772002019E70000222A3A3C3E3F7C7FBC
:105160000000000071ED01082B2C3B3D5B5D000051
:1051700069B922B1012A04D0022A06D103E0836072
:1051800004E0C36002E0036100E000BF0FE001291A
:105190000DD122B1012A04D0022A06D103E04361D5
:1051A00004E0836102E0C36100E000BF00BF70471C
:1051B00010B504460748204440B940F61D0005F0EC
:1051C0001FF840F61D0005F009F800E000BF00BF21
:1051D00010BD0000008CFFBF21B9026822F001025F
:1051E000026005E0012903D1026822F480320260E6
:1051F000704721B9026842F00102026005E001290E
:1052000003D1026842F480320260704721B902681B
:1052100042F00402026005E0012903D1026842F471
:1052200080220260704739B9036823F038030360B5
:1052300003681343036009E0012907D1036823F4DD
:1052400060130360036843EA02430360704739B99F
:10525000036823F0C003036003681343036009E09D
:10526000012907D1036823F440030360036843EA7C
:10527000024303607047000070B504460D460CB150
:105280000C2C01D9002070BD022C05D1284602F05B
:105290003FF908B11D20F6E7601E0149085CF2E7FE
:1052A00054F3010801460A20B1FBF0F200FB121092
:1052B0000A22B1FBF2F240EA0210C0B270470000CD
:1052C0000349086000BF024909680029FBD1704703
:1052D000000000200448006820B103480068401E18
:1052E0000149086070470000000000202DE9F041EE
:1052F000074611480068A7FB005006460F480068A3
:105300005A2802DD0D48006800E05A200446E017E4
:10531000611BB04101DBBDE8F0812D1B66EBE4763B
:1053200001F0BAFE45194E4100BF01F0B5FE401B29
:10533000B141FADB00BFEEE7F8010020F0010020E8
:105340002DE9F041074611480068A7FB00500646CA
:105350000F4800685A2802DD0D48006800E05A2016
:105360000446E017611BB04101DBBDE8F0812D1B55
:1053700066EBE47601F090FE45194E4100BF01F066
:105380008BFE401BB141FADB00BFEEE7F4010020C9
:10539000F00100202DE9F04704460021204600F0EE
:1053A000BAF9074617B13846BDE8F0874FF0FF0954
:1053B000CA4600BF2169206802F038FA074607B1E3
:1053C00054E065692E780EB904274FE0E87A00F0C2
:1053D0003F08E52E05D008F0080028B1B8F10F0FFE
:1053E00002D04FF0FF093AE0B8F10F0F1CD1E0698D
:1053F000A0B306F0400030B195F80DA026F04006AD
:10540000B146E08820844E450AD1687B504507D1DB
:105410002946E069FFF728FC10B1A9F1010000E07E
:10542000FF2000F0FF091AE0B9F1000F05D128466E
:1054300007F01BFC504500D118E04FF0FF094FF674
:10544000FF702084A069C07A00F0010030B90B22FF
:105450002846A16902F0AEF900B907E0FFE7002194
:10546000204600F006F80746002FA3D000BF3846BC
:105470009AE72DE9F0410446884600BFE088401CC9
:1054800086B20EB1206910B90420BDE8F08106F0A3
:105490000F0000286FD12069401C2061E06828B906
:1054A00020680089B04266DC0420EEE7206880783E
:1054B000401E00EA161000285DD1E168206801F066
:1054C00047FD0546012D01D80220DEE7681C08B91A
:1054D0000120DAE720688069A84246D8B8F1000FB9
:1054E00001D10420D1E7E1682068FFF7C3FC05463D
:1054F0000DB90720C9E7012D01D10220C5E7681CBD
:1055000008B90120C1E70021206802F08FF908B135
:105510000120BAE7216801F130004FF40072002148
:1055200002F068F929462068FFF778FB2168C86215
:10553000002710E00120216808710021206802F096
:1055400075F908B10120A0E72068C06A401C2168F5
:10555000C862781CC7B220688078B842EADC20684C
:10556000C06AC01B2168C86200BFE5602946206888
:10557000FFF754FB2061E6802068303006F00F0111
:1055800000EB4110606100207FE72DE9F04F85B00E
:105590000446D4F81880D4F81CB00C22414601A867
:1055A00002F01BF900BF9DF80F0000F0010030B3BE
:1055B000002088F80B00E06101270DE03B465A46C9
:1055C00001A9404601F070FC2046FFF7E3FE0546C6
:1055D00005B103E0781C87B2642FEFDB00BF642FB6
:1055E00003D1072005B0BDE8F08F042D01D0284677
:1055F000F8E79DF80F0088F80B00C4F81CB09DF880
:105600000F0000F0020070B1002601E0701C86B2AD
:105610003BF816000028F9D106F119000D2190FB86
:10562000F1F086B200E001260021204600F073F878
:1056300005460DB12846D5E700200746049000BF77
:105640002169206802F0F2F8054605B119E06069A9
:1056500090F80090B9F1E50F02D0B9F1000F08D130
:105660000FB9E0880490781C80B20746B04201D19F
:1056700007E0002701212046FFF7FBFE0546002D2D
:10568000DED000BF4DBB012E27DD2046049900F07F
:1056900042F805460DBBA06907F0E7FA0090701EBE
:1056A00086B200BF2169206802F0C0F8054605B146
:1056B00012E0F2B26169E069009B01F0FFF901209C
:1056C0002168087100212046FFF7D3FE05461DB969
:1056D000701E80B2061EE5D100BFD5B921692068D1
:1056E00002F0A4F80546A5B9D4F814A020220021A0
:1056F000504602F07FF80B225046A16902F06DF887
:10570000A069C07A00F018008AF80C000120216816
:105710000871284666E72DE9F04104460E46E6800A
:10572000A568012D03D020688069A84202D8022014
:10573000BDE8F0812DB920680078032801D12068E8
:10574000456A65B9E56020680089B04201DC022045
:10575000EEE72068406A00EB1610206120E0206828
:105760008078070112E02946206801F0F1FB054628
:10577000681C08B90120DBE7022D03D3206880698B
:10578000A84201D80220D3E7F01B86B2BE42EADA73
:10579000E56029462068FFF741FA00EB161020610A
:1057A0002068303006F00F0100EB411060610020EE
:1057B000BEE730B593B0054600200090002D39D1EA
:1057C00006F03EF904461D2C04D101A805F044FC66
:1057D000044602E0012013B030BD1D2C05D1BDF8F8
:1057E000480005F027FE044601E00120F3E7684683
:1057F00005F090FE0446009800F0007008B100BF6C
:10580000FEE71D2C05D14FF4006005F009FB0446AE
:1058100001E00120DFE71D2C04D1002006F032FE5C
:10582000044601E00120D6E71D2C01D10020D2E77B
:105830000120D0E70120CEE70346002070472DE984
:10584000F04107460C4615461E464FF01C0814B999
:105850000420BDE8F0810EB90420FAE787B9012ED3
:1058600006D169027202204605F03EF8804607E044
:10587000690233464FF40072204606F09DF98046D7
:10588000B8F11D0F01D10020E3E70120E1E7014657
:1058900009B9002070470120FCE72DE9F0410746D7
:1058A0000C4615461E464FF01C0814B90420BDE8EE
:1058B000F0810EB90420FAE787B9012E06D16902FA
:1058C0007202204605F01CF9804607E06902334663
:1058D0004FF40072204606F0BDFA8046B8F11D0F65
:1058E00001D10020E3E70120E1E710B501EB41021F
:1058F000D30000F11002D25822F0010301EB410263
:10590000D40000F11002135110BD10B501EB41029B
:10591000D30000F11002D25842F0010301EB410222
:10592000D40000F11002135110BD30B5134601EB45
:105930004104E50000F11004625922F0606242EA7D
:10594000436201EB4104E50000F11004625130BDF7
:1059500010B501EB4102D30000F11002D25822F43D
:10596000807301EB4102D40000F11002135110BD0D
:1059700010B501EB4102D30000F11002D25842F4FD
:10598000807301EB4102D40000F11002135110BDED
:1059900010B501EB4102D30000F11002D25822F001
:1059A000010301EB4102D40000F110021351002366
:1059B00001EB4102D40000F11002135101EB41024E
:1059C000D40000F11402135101EB4102D40000F1A4
:1059D0001802135101EB4102D40000F11C021351D3
:1059E00001EB4102D40000F120021351212301EB0D
:1059F0004102D40000F12402135104290CDA01EB16
:105A000041025300C1F3400203EB82033D229A405E
:105A100083681A4382600DE00A1FD1B201EB410294
:105A20005300C1F3400203EB82033D229A40C36856
:105A30001A43C26010BD10B504290CDA01EB410312
:105A40005C00C1F3400304EB830302FA03F38468B0
:105A5000234383600DE00B1FD9B201EB41035C00CF
:105A6000C1F3400304EB830302FA03F3C468234346
:105A7000C36010BD30B50346002004290FDA01EBE6
:105A800041046500C1F3400405EB840402FA04F408
:105A90001D682C400CB1012012E0002010E00C1F0A
:105AA000E1B201EB41046500C1F3400405EB84045D
:105AB00002FA04F45D682C400CB1012000E00020E3
:105AC00030BD30B572B901EB4103DC0000F11003C9
:105AD0001B5923F0200401EB4103DD0000F110030A
:105AE0005C510DE001EB4103DC0000F110031B5998
:105AF00043F0200401EB4103DD0000F110035C5191
:105B000030BD30B532B101EB4104E50000F12004B5
:105B1000635105E001EB4104E50000F11C04635111
:105B200030BD000070B501EB4104E50000F1240434
:105B30006459156A45F004052C4301EB4105EE005C
:105B400000F12405AC5101EB4104E60000F118041A
:105B50001568A55101EB4104E60000F11C04D5686D
:105B6000A55101EB4104E60000F11404D56AA551EA
:105B700001EB4104E50000F110046359414C23405E
:105B8000156954682C43156B2C43956A2C43956911
:105B90002C43D5692C43234301EB4104E50000F17C
:105BA00010046351946874B901EB4104E50000F1FD
:105BB0001004645944F4007501EB4104E60000F15F
:105BC0001004A5511FE09468012C0ED101EB410493
:105BD000E50000F11004645924F4007501EB410460
:105BE000E60000F11004A5510DE001EB4104E500D1
:105BF00000F11004645944F4004501EB4104E6004F
:105C000000F11004A551546974B901EB4104E50099
:105C100000F11004645944F4806501EB4104E6008E
:105C200000F11004A5510DE001EB4104E50000F185
:105C30001004645924F4806501EB4104E60000F18E
:105C40001004A551546A74B901EB4104E50000F158
:105C50001004645944F4807501EB4104E60000F13E
:105C60001004A5510DE001EB4104E50000F1100422
:105C7000645924F4807501EB4104E60000F110043E
:105C8000A55170BD3F871CFE30B58DB004460D4652
:105C9000012203212748FFF7CEFE042203212548D5
:105CA000FFF7C9FE082203212248FFF7C4FE102295
:105CB00003212048FFF7BFFE202203211D48FFF7E4
:105CC000BAFE03211B48FFF710FE03211948FFF716
:105CD0005FFE19480090039400200A900B90012069
:105CE0000290002005904FF48050019080000490B5
:105CF0004FF440300C904FF4001007908000069055
:105D000003200890012009906A4603210948FFF703
:105D100009FF012203210748FFF7D3FE04220321D4
:105D20000448FFF702FE03210248FFF7EEFD0DB025
:105D300030BD000000640240802C014070B501EBD2
:105D40004104E50000F12404645924F0040501EB4A
:105D50004104E60000F12404A55101EB4104E600F2
:105D600000F118041568A55101EB4104E60000F1AB
:105D70001C049568A55101EB4104E60000F11404F0
:105D8000D569A55101EB4104E50000F11004635908
:105D90003F4C2340146944EA8404156A2C439569F6
:105DA0002C43234301EB4104E50000F1100463514F
:105DB000546874B901EB4104E50000F11004645922
:105DC00044F4007501EB4104E60000F11004A55114
:105DD0001FE05468012C0ED101EB4104E50000F1F5
:105DE0001004645924F4007501EB4104E60000F14D
:105DF0001004A5510DE001EB4104E50000F1100491
:105E0000645944F4004501EB4104E60000F110043C
:105E1000A551D46874B901EB4104E50000F1100408
:105E2000645944F4806501EB4104E60000F110047C
:105E3000A5510DE001EB4104E50000F110046459A7
:105E400024F4806501EB4104E60000F11004A55143
:105E5000546974B901EB4104E50000F11004645980
:105E600044F4807501EB4104E60000F11004A551F3
:105E70000DE001EB4104E50000F11004645924F445
:105E8000807501EB4104E60000F11004A55170BDDE
:105E90003F87FCFF002101600121416000218160FA
:105EA0000121C16000210161012141610021816165
:105EB000C16101627047000030B58DB004460D46E7
:105EC000012203212748FFF7B6FD042203212548BC
:105ED000FFF7B1FD082203212248FFF7ACFD102295
:105EE00003212048FFF7A7FD202203211D48FFF7CB
:105EF000A2FD03211B48FFF7F8FC03211948FFF717
:105F000047FD19480090039440200A9000200B9010
:105F100001200290002005904FF4805001908000F5
:105F200004904FF440300C904FF400100790800024
:105F3000069001200990032008906A460321094831
:105F4000FFF7F0FD012203210648FFF7BAFD042206
:105F500003210448FFF7E9FC03210248FFF7D5FCC1
:105F60000DB030BD00640240802C014010B501EB43
:105F70004103DC0000F114031A5110BD024601EB8D
:105F80004100C30002F11400C05870472DE9F041F0
:105F90000746134C00250DE0C5EBC503226802EB54
:105FA0008300E16988478046424629463846FDF726
:105FB0005AFA6D1CA088A842EEDC2669A5880AE082
:105FC000301DE16988478046424629463846FDF73C
:105FD0004AFA36686D1C002EF2D1BDE8F08100004F
:105FE000780600202DE9F04782460D4616461F46EA
:105FF000DDE90889114CB9F1000F02D0B8F1000FAA
:1060000002D10020BDE8F0873C212046FBF7DEF9F5
:10601000C4F800A0A580A660A781C4F81890C4F8B1
:106020001C80002084F830004FF6FF70608600204E
:1060300060634FF4FA70A0630120E3E77806002064
:106040001CB504460020009001906846FFF79EFFB3
:106050002146684600F05EF81CBD2DE9FC47074666
:106060000D4616461C46DDF8288021463046FDF7D1
:1060700023FA00F0FF0921462846FDF71DFA00F03B
:10608000FF0A002043464A465146CDE900403846C3
:1060900003F098FABDE8FC872DE9FF4706460F4656
:1060A00015461C46DDF83080002002900390402108
:1060B0002046FDF70CFA08B9BDE8FF8740232246C9
:1060C000294602A8FDF7BCF94022214602A8FDF7A7
:1060D000E1F908B9012000E0002081464023224672
:1060E000394602A8FDF7ACF94022214602A8FDF787
:1060F000D1F908B9012000E0002082460120811E6C
:1061000043464A46CDE900105146304603F05AFA5C
:1061100000BFD1E72DE9FE4F074688466C4C94F846
:10612000300000F0010ABAF1000F0ED004F1280B84
:10613000402002900298401E012202EB5010810084
:106140005846FBF743F900BF00BFBAF1000F49D032
:10615000002521E000200190029005EBC501A06818
:1061600000EB810B40235A46394601A8FDF768F938
:106170004022594601A8FDF78DF908B9012000E039
:1061800000200090009830B140235A4604F12801C5
:106190000846FDF7C6F96D1CA089A842DADC6669DD
:1061A0001EE000200190029006F1040B40235A46A5
:1061B000394601A8FDF744F94022594601A8FDF7E8
:1061C00069F908B9012000E000200090009830B182
:1061D00040235A4604F128010846FDF7A2F9366823
:1061E000002EDED1002518E0BAF1000F06D02946B6
:1061F00004F12800FDF760F900B10DE0CDF8008052
:10620000C5EBC502216801EB82002B463A4604F13A
:106210002001FFF722FF00BF6D1CA088A842E3DC2D
:10622000D4F81090A58817E0BAF1000F06D02946DF
:1062300004F12800FDF740F900B10AE02B463A4688
:1062400004F1200109F10400CDF80080FFF705FFFB
:1062500000BFD9F800906D1CB9F1000FE4D1002502
:1062600012E0CDF8008005EBC502A16801EB8203C6
:1062700005EBC50201EB820101F108003A4604F189
:106280002001FFF709FF6D1CA089A842E9DC6669BF
:106290000AE0331D3A4604F1200106F10C00CDF866
:1062A0000080FFF7F9FE3668002EF2D104F12000DD
:1062B0004FF0400B0290ABF10100012101EB5010B7
:1062C000820039460298FBF768F800BFBDE8FE8FF0
:1062D000780600200246501A704730B599B004463F
:1062E00060681590207A8DF85800E0681790206952
:1062F0001890502201A915A806F03EFD05461DB1D3
:10630000294601A804F0B6F819B030BD10B52D4BE0
:106310001B6883432B4C2360231D1B688343241D70
:106320002360231D1B688343241D2360231D1B68DA
:106330008343241D236011B101290ED105E0214BB7
:106340001B6803431F4C236008E01E4B1B1D1B688A
:1063500003431C4C241D236000E000BF00BF32B18A
:10636000012A11D0022A1CD0032A27D127E0154B7D
:1063700008331B680343134C08342360231D1B6838
:106380008343241D23601BE00E4B08331B688343AB
:106390000C4C08342360231D1B680343241D236019
:1063A0000EE0084B08331B680343064C0834236097
:1063B000231D1B680343241D236001E000BF00BFB1
:1063C00000BF10BD003C014001490860704700005B
:1063D000143C01400146044A12680A400AB10120F7
:1063E00000E0002070470000143C014070B50446F6
:1063F000204600F0BEF905460DB900202060284671
:1064000070BD00000246012A01DB0B2070470748DF
:1064100050F822300BB10020187009B1002008702C
:10642000024840F822100020F0E700005C00002045
:106430002DE9F743ADF50C7D054616460020286092
:1064400006F01F0626F0010283A98DA8FEF71CFAAC
:10645000074680A88990CDF828D227B983A88D99BE
:1064600000F0D0FC0746889C0FB904B9062706F057
:106470001C00002858D04FB1042F03D183A8FFF788
:1064800084F8074646F00806889C09E0E07A00F0A8
:10649000110008B1072703E006F0040000B1082747
:1064A000002F40D106F0080000283CD000F0C2FDCB
:1064B000804684F80E804FEA1821E1734FEA1841B4
:1064C00021744FEA186161740020E0722077002186
:1064D0006177A177E177A17EE07E41EA0021227D0C
:1064E000607D42EA002041EA00490020A0760021B8
:1064F000E17620756175012083990871B9F1000F6B
:1065000011D08398D0F82C804946839803F096FEEA
:10651000074647B9A9F101008399C86041468398AD
:1065200001F084F907460EE06FB9E07A00F0100040
:1065300008B1042707E006F0020020B1E07A00F07D
:10654000010000B1072747B906F0080008B146F07E
:1065500020068398C06AE8612C62F7B9AE71A17E0B
:10656000E07E41EA0021227D607D42EA002041EA8E
:1065700000402861E07F0106A07F41EA0041607F82
:1065800041EA0020217F0843E8600020A860A8615C
:10659000839828608398C088A88038460DF50F7DC1
:1065A000BDE8F0832DE9FF4F83B0044615469A46B7
:1065B000DDF810B00020CAF80000A188206807F0BC
:1065C00070FE0290029818B1029807B0BDE8F08FF3
:1065D000A07900F0800008B10220F6E7A07900F071
:1065E000010008B90720F0E7D4E90210401A009032
:1065F0000098854200D9009DB6E02089C0F30800CC
:1066000000287DD120688078401EA16800EA5120D2
:1066100000F0FF09B9F1000F1DD1A06810B9206981
:10662000019004E06169206800F092FC01900198FB
:10663000022805D2A07940F08000A0710220C4E7B2
:106640000198401C28B9A07940F08000A071012079
:10665000BBE70198606161692068FEF7DFFA0646D2
:106660002EB9A07940F08000A0710220ADE74E4421
:106670004FEA5528B8F1000F2DD009EB080021682A
:106680008978884203D920688078A0EB090808F04F
:10669000FF032168487832465946FFF7D0F828B101
:1066A000A07940F08000A07101208EE7A07900F071
:1066B000400068B1A069801B404509D2A169891BCF
:1066C0000BEB41204FF4007204F1240101F085F836
:1066D0004FEA48273EE0A069B04227D0A07900F0F9
:1066E0004000A0B121684878012304F12401A26987
:1066F000FFF7D3F838B1A07940F08000A07100E036
:1067000015E0012061E7A07920F04000A071216828
:1067100048780123324604F12401FFF790F828B1AC
:10672000A07940F08000A07101204EE7A661208989
:10673000C0F30800C0F50077AF4200D92F4620898A
:10674000C0F3080204F1240011183A46584601F03B
:1067500044F800BFBB44A0683844A060DAF80000E9
:106760003844CAF80000ED1B002D7FF446AF00202E
:106770002BE72DE9F0410446A188206807F091FD40
:106780000746002F4FD1A07900F0200000284AD002
:10679000A07900F0400078B121684878012304F125
:1067A0002401A269FFF779F810B10120BDE8F0815A
:1067B000A07920F04000A071E169206801F036F86E
:1067C0000746002F2FD1256AE87A40F02000E872B2
:1067D000207B2877A089010A6977E068010CA977F6
:1067E000E068010EE977207CA876208A010AE97624
:1067F0002069000C28752069010E697500F01AFCEB
:106800000646AE75310AE975310C2976310E697686
:10681000A07920F02000A071012021680871206873
:1068200006F033FA07463846C0E72DE9FF4F83B03C
:10683000044615469B46049801900020CBF80000C2
:10684000A188206807F02DFD0290029818B10298E7
:1068500007B0BDE8F08FA07900F0800008B10220F9
:10686000F6E7A07900F0020008B90720F0E7E06839
:106870002844E168884200D20025CDE02089C0F399
:106880000800002877D120688078401EA16800EABF
:10689000512000F0FF0ABAF1000F2AD1A06858B9C0
:1068A000D4F81080B8F1000F0BD100212068FEF75A
:1068B000E1FA8046206104E061692068FEF7DAFAB7
:1068C0008046B8F1000F00D1A9E0B8F1010F05D161
:1068D000A07940F08000A0710220B9E708F1010022
:1068E00028B9A07940F08000A0710120B0E7C4F879
:1068F0001480A07900F0400090B12168487801230D
:1069000004F12401A269FEF7C8FF28B1A07940F084
:106910008000A07101209BE7A07920F04000A071C9
:1069200061692068FEF77AF906462EB9A07940F031
:106930008000A07102208BE756444FEA5529B9F137
:10694000000F2FD00AEB090021688978884203D90B
:1069500020688078A0EB0A0909F0FF0321684878D5
:1069600032460199FEF799FF30B1A07940F08000DE
:10697000A07101206CE72CE0A069801B48450ED275
:10698000A069801B019A02EB40214FF4007204F1D0
:10699000240000F022FFA07920F04000A0714FEA0F
:1069A00049272DE0A069B04212D0D4E90201884203
:1069B0000ED2216848780123324604F12401FEF703
:1069C0003EFF28B1A07940F08000A07101203FE790
:1069D000A6612089C0F30800C0F50077AF4200D956
:1069E0002F462189C1F3080204F1240150183A46C8
:1069F000019900F0F2FEA07940F04000A07100BFC4
:106A0000019838440190A0683844A060DBF8000089
:106A10003844CBF80000ED1B002D7FF42FAF00BFF2
:106A2000D4E90201884201D9A068E060A07940F071
:106A30002000A07100200BE710B50246802A01DA81
:106A400010461BE051B1FF2A01DD002304E0A2F152
:106A500080030B4C34F8133018460FE0002007E099
:106A6000074B33F81030934200D103E0431C98B237
:106A70008028F5DB00BF00F18003D8B210BD000014
:106A8000F2ED01080246002100E0491C094830F8F7
:106A9000110020B1074830F811009042F5D10548A7
:106AA00030F8110018B1044830F811007047104652
:106AB000FCE70000F2EE0108D2F00108F0B5044650
:106AC0001D464D730F27CF7200270F738F76BC467C
:106AD00081F81BC0571E07EB870C0CEBC70600277D
:106AE00038463B4600BF4FF6FF77B84203D03746E3
:106AF000761C34F81700DFF840C01CF803C001F81A
:106B00000C000712DFF830C01CF803C08C448CF86E
:106B1000017008B94FF6FF705F1C3B460D2FE2D3A2
:106B20004FF6FF77B84202D034F816700FB942F032
:106B300040020A70F0BD000064ED010870B5044623
:106B40000D4600266FF0304000F078F80646CEB9CA
:106B50000D48006820F440700B4908600846006842
:106B600008600846006840F00100086025706FF07A
:106B7000304000F063F806460348006820F001004A
:106B800001490860304670BD103C02400149086070
:106B9000704700000C3C024001460020024A126887
:106BA0000A4002B1012070470C3C024003480068D3
:106BB00040F000400149086070470000103C02406E
:106BC00030B5044600256FF0304000F037F8054638
:106BD0006DBB18481849086044F00040091F086060
:106BE00015481438006820F0F8001349143908607B
:106BF0000846006840F0020008600846006840F45B
:106C0000803008606FF0304000F018F805460A4800
:106C1000001F006820F000400749091F086006486F
:106C20001438006820F0020003491439086028462F
:106C300030BD0000D6C7B8A9243C024010B50346B9
:106C4000012400BF00F00AF804465B1E012C01D1AC
:106C5000002BF7D103B90724204610BD0020114AAC
:106C6000116801F480320AB1012019E001F4807248
:106C70000AB1022014E001F080020AB103200FE003
:106C800001F040020AB104200AE001F010020AB14A
:106C9000052005E001F002020AB1062000E0002014
:106CA000704700000C3C02400548006800F00040BE
:106CB00028B1044802490C3908600348086070474D
:106CC000103C024023016745AB89EFCD70B5044607
:106CD0000D4600266FF03040FFF7B0FF0646DEB9E4
:106CE0000E48006820F440700C49086008460068AF
:106CF00040F4007008600846006840F00100086039
:106D000025606FF03040FFF799FF064603480068A2
:106D100020F0010001490860304670BD103C02407F
:106D2000FEB502460020B5EEC00AF1EE10FA08D218
:106D30002D270546461CB0B25755B1EE401AB0EEAD
:106D4000410ABDEEC01A11EE101A01EE101AB8EE8B
:106D5000C11A70EE410ADFED2A1AB6EE001A00EEF3
:106D6000A11ABDEEC11A11EE103A642B01DB491CC9
:106D7000643B002431B930272546661CF4B20DF877
:106D8000057011E00EE00A2591FBF5F605FB1615DE
:106D90003035EFB22546661CF4B20DF805700A25B1
:106DA00091FBF5F10029EEDC08E0651EEDB22C4602
:106DB0001DF805700546461CB0B25755002CF4D19D
:106DC0002E270546461CB0B257550A2593FBF5F50C
:106DD0000A2695FBF6F706FB17553035EFB2054648
:106DE000461CB0B257550A2593FBF5F605FB163540
:106DF0003035EFB20546461CB0B25755FEBD000017
:106E00000000C8422DE9F3410446019800782F287C
:106E100003D0019800785C2802D10198401C0190B1
:106E20000020A06001980078202807D20021204689
:106E3000FEF771FC0646002060612FE000BF01A94B
:106E40002046FEF77DF8064606B126E02046FEF70E
:106E5000A1FA0646A069C77A46B1042E00D01CE00C
:106E600000BF07F0040000B9052616E007F0040093
:106E700000B112E06569E87A00F0100008B9052653
:106E80000BE0A97EE87E41EA00212A7D687D42EA86
:106E9000002041EA0040A060D1E700BF3046BDE8D5
:106EA000FC814FF0407070472DE9FC4780468A46D0
:106EB00017461C460B225146404600F08EFC052C1E
:106EC0000ADD00BF601000EBC43137F8022B8818D0
:106ED00084B238880028F5D1072500BF2046E11785
:106EE00004EB11710911A4EB0111303101F0FF091C
:106EF000B9F1390F03DD09F1070000F0FF09284659
:106F00006D1E0DF800902046E11704EB1171C1F3DE
:106F10000F14002CE2D17E200DF80500002600E0C1
:106F2000761CAE4203D218F806002028F8D100BF24
:106F3000082D04D228466D1C1DF8000000E020201A
:106F40003146761C08F80100082EF1D3BDE8FC8715
:106F50002DE9F04105460C46022C02D3A869A04257
:106F600002D80120BDE8F0812878012804D0022849
:106F70002CD003285AD13DE0274607EB5707286A53
:106F800000EB5721284600F051FC00B14EE0C7F35A
:106F9000080105F1300010F801807F1C286A00EB21
:106FA0005721284600F042FC00B13FE0C7F308013A
:106FB00005F13000405C48EA002804F0010010B1FF
:106FC0004FEA1810CEE7C8F30B00CBE7286A00EBB6
:106FD0001421284600F02AFC00B127E040F2FF10FF
:106FE00000EA440105F130000E183078717840EA6B
:106FF0000120B7E7286A00EBD411284600F016FC00
:1070000000B113E040F2FF1000EA840105F1300006
:107010000E18F0780006B17840EA0140717840EA35
:1070200001203178084320F070409BE700BF4FF00B
:10703000FF3097E7002070472DE9F04700210C460C
:107040000D4601F001FA06464FF0000915E0FDF784
:10705000F5FB0E4A1268871841F100010C480268DE
:1070600000233846FAF768F90A4A13685268C418C8
:1070700041EB0205304601F095FAB9F1000009F143
:107080000409E4D020462946BDE8F087FC01002031
:10709000F8010020080200202DE9F04100210C46F3
:1070A0000D4601F0D1F90646002718E0FDF7C6FBB2
:1070B0000F4A13685268C41841EB02050D4908686D
:1070C0004968201A75EB010003DA0A48046845682C
:1070D00002E0084804604560304601F063FA381E5B
:1070E00007F10407E2D020462946BDE8F081000000
:1070F00018020020E8010020F0B503461C6A5D6A12
:1071000000200DE00126864016403EB187000F2684
:10711000BE40B443860001FA06F63443461CB0B2C2
:107120000828EFD3082011E00126864016405EB102
:10713000A0F10806B7000F26BE40B543A0F108062F
:10714000B60001FA06F63543461CB0B21028EBD360
:107150001C625D62F0BD8162704781617047000012
:1071600010B54FF4F8520C211848FFF7C5FF042260
:107170000C211748FFF7C0FF4FF470630122022172
:10718000124800F030F84FF47063012200210F48DC
:1071900000F050F84FF48053002202210B4800F019
:1071A00022F84FF4805301220021084800F042F8F1
:1071B000042301220221064800F015F804230122CD
:1071C0000021034800F036F810BD0000000802401E
:1071D000000C02400246002013690B400BB1012055
:1071E00000E000207047F0B504460D4616462168C1
:1071F000E268002019E0012787401F409FB14FEA55
:10720000400C032707FA0CF7B943470005FA07F7C4
:1072100039434FEA400C032707FA0CF7BA434700FB
:1072200006FA07F73A43471CB8B21028E3D32160A7
:10723000E260F0BDF0B50C461546012C03D146685E
:107240001E43466002E046689E4346608268002115
:107250000DE001268E401E403EB14F000326BE4089
:10726000B2434E0005FA06F632434E1CB1B2102965
:10727000EFD38260F0BD0146302905DB392903DCFC
:10728000A1F13000C0B27047412905DB462903DC7B
:10729000A1F13700C0B2F6E7612905DB662903DCFE
:1072A000A1F15700C0B2EEE7FF20ECE70A4600214B
:1072B000016821F480611143016070472DE9F05F9E
:1072C00004460E469346022002F0FEFD0746314872
:1072D000B7FBF0F9B9F13C0F01D34FF03C09D4F8FA
:1072E00004A02AF03F0A4AEA090AC4F804A02A487E
:1072F00086421ED82748B7FBF0F000F10108B8F12C
:107300003C0F02D33C20206207E0B8F1020F02D804
:107310000220206201E0C4F820807000B7FBF0F585
:10732000042D00D20425E069C5F30B010843E06198
:107330002EE01A4886422BD84FF4967009FB00F0D5
:107340004FF47A71B0FBF1F0401C2062BBF1000FEA
:1073500008D106EB4600B7FBF0F5E06920F4804069
:10736000E06109E006EBC60000EB0610B7FBF0F5A4
:10737000E06940F48040E061C5F30B0008B945F0D6
:107380000105E06940F40040E061E0692843E06104
:10739000BDE8F09F40420F00A0860100801A060061
:1073A00010B504461348204430B1B0F5806F0CD0BE
:1073B000B0F5006F1BD111E040F6150002F020FF80
:1073C00040F6150002F00AFF12E040F6160002F047
:1073D00017FF40F6160002F001FF09E040F6170023
:1073E00002F00EFF40F6170002F0F8FE00E000BFCA
:1073F00000BF10BD00ACFFBF016821F001010160BA
:1074000070470A460021416821F400611143416040
:107410007047016841F001010160704710B540F20A
:107420000152914202D1426982690AE000EB911255
:10743000126801F01F040123A3409A4300EB91134B
:107440001A6010BD30B5024602EB91131B6801F0C3
:107450001F050124AC4023400BB1012000E00020B7
:1074600030BD12F1020F02D121F0010101E041F023
:1074700001010161704730B50C460021016821F01F
:10748000020121430160C3F3090342EA0305856059
:1074900030BD016841F4807101607047016841F4BA
:1074A00000710160704700002DE9F041044600259D
:1074B00000F0CAFF0646002708E0204600F0DFFF84
:1074C000054600F0B9FF304601F06CF8381E07F1B0
:1074D0000407F2D006F03AFD0021094A116051601C
:1074E000084A11605160084A116051600020074A43
:1074F00010605060FBF718F92846BDE8F0810000E5
:10750000180200200802002010020020E8010020DC
:10751000014601F0030028B96420B1FBF0F200FB42
:10752000121030B94FF4C870B1FBF0F200FB12102A
:1075300008B9012070470020FCE7000010B500BF2B
:107540004FF480701949086000BF05F025FF40B175
:1075500000BF00BF4FF4007014491439086000BF29
:1075600008E000BF00BF4FF400701049091F086019
:1075700000BF00BF00BF00BF4FF480600B49091F70
:10758000086000BF00BF00BF00BF4000086000BF30
:1075900000BF00BF00BF4000086000BF00BF00BFC9
:1075A00000BF4000086000BF00BF10BD2C0C0240AF
:1075B00000BF3A483A490860BFF34F8F06F0B2FA6D
:1075C0000020FFF771FFC820FDF790FEFFF769FC70
:1075D000FCF7F0FAFCF7BAF8FCF746FBFCF778F991
:1075E000FCF7A8FD00F076FD2EA1324800F058F916
:1075F00031A1304800F054F9FCF7B6F934A12D4818
:1076000000F04EF937A12B4800F04AF9FCF708F8D2
:1076100039A1284800F044F93CA1264800F040F97F
:10762000FCF7BCF83EA1234800F03AF941A12148FB
:1076300000F036F9FBF796FF44A11E4800F030F940
:1076400047A11C4800F02CF9FCF72AFC49A1194875
:1076500000F026F903F08EFFFBF77CFE4AA11548E7
:1076600000F01EF9FAF7BEFB4DA1124800F018F920
:1076700004F098F805F03EFF05F01AFC05F048FD0F
:1076800005F0B6FC044605F049FC6420FDF72EFE2B
:1076900003F0F8F801E003F0FBF8FCE70010010844
:1076A00008ED00E0424F4F543A2073746172740D3C
:1076B0000A00000000100140424F4F543A20676416
:1076C000333020696E69742E2E2E0D0A00000000E2
:1076D000424F4F543A206764333020646F6E650D1B
:1076E0000A000000424F4F543A2061646320696EE3
:1076F00069742E2E2E0D0A00424F4F543A206164B9
:107700006320646F6E650D0A00000000424F4F5405
:107710003A2064616320696E69742E2E2E0D0A0072
:10772000424F4F543A2064616320646F6E650D0AC6
:1077300000000000424F4F543A20616463312069D9
:107740006E69742E2E2E0D0A00000000424F4F5419
:107750003A206164633120646F6E650D0A00000099
:10776000424F4F543A2072746320696E69742E2E12
:107770002E0D0A00424F4F543A2072746320646FFA
:107780006E650D0A00000000424F4F543A206F6CA6
:10779000656420696E69742E2E2E0D0A00000000AB
:1077A000424F4F543A206F6C656420646F6E650DD4
:1077B0000A000000F0B503461C460D46002000BF3D
:1077C000161EA2F1010207D014F8017B15F801CBB7
:1077D000A7EB0C06301EF3D0F0BD70B503460C4687
:1077E00003E014F8015B03F8015B151EA2F101022E
:1077F000F7D170BD30B5034601E003F8011B141E3C
:10780000A2F10102F9D130BD30B5034607E013F80B
:10781000014B11F8015BAC4201D0002030BD101EBD
:10782000A2F10104A2B2F2D10120F7E72DE9F04163
:1078300004460D46E66AAE422FD0207908B3607840
:107840000123324604F13001FEF727F810B1012080
:10785000BDE8F08100202071D4E907100844B0424F
:107860000FD9E7780AE0E0690644607801233246E0
:1078700004F13001FEF711F8781EC7B2012FF2DCD7
:1078800000BF55B1607801232A4604F13001FDF7AD
:10789000D6FF08B10120DBE7E5620020D8E7000051
:1078A0000FB430B5ADF5017D054686A800904FF4C4
:1078B000007101A8009B859AFAF7D6FE04460020C5
:1078C00000901049088012E001A80E4A1288815CDD
:1078D000284606F0EEFB00BF0721284606F08AFC8A
:1078E0000028F9D007480088401C06490880054850
:1078F0000088A042E8DB20460DF5017D30BC5DF834
:1079000014FB00007401002010B501460846002851
:107910000BDB00F01F0301229A40054B440943F89A
:107920002420BFF34F8FBFF36F8F00BF10BD000047
:1079300080E100E02DE9F04F04460E46174640482E
:10794000006800F4E060B0F5A06F0FD006DCB0F581
:10795000407F0DD0B0F5806F0BD108E0B0F5C06F5F
:1079600003D0B0F5E06F04D100BF00BF00BF00BF7F
:1079700004E04FF4A06000F067F800BF00BF00BF54
:107980002F480068C0F30220034618463246BC4622
:107990000146C1F1070ABAF1040F02D94FF0040AF7
:1079A00001E0C1F1070AD14601F1040ABAF1070F5B
:1079B00002D24FF0000A01E0A1F1030AD0464FF0D5
:1079C000010A0AFA09FAAAF1010A0AEA020A0AFAFB
:1079D00008FA4FF0010B0BFA08FBABF1010B0BEAB5
:1079E0000C0B4AEA0B0500BF21462846002906DB9E
:1079F00002074FEA126C134A02F801C00AE00207BC
:107A00004FEA12680E4A0C3201F00F0CACF1040C74
:107A100002F80C8000BF204600280DDB00BF00BF2D
:107A200000F01F02012191404209920002F1E02280
:107A3000C2F8001100BF00BF00BFBDE8F08F00001A
:107A40000CED00E000E400E002490143024A11604D
:107A5000704700000000FA050CED00E00FB470B5AF
:107A6000ADF5027D04460D4689A801904FF40071E2
:107A700002A8019B889AFAF7F7FD064600200190BC
:107A8000102302AA29462046FAF72EFA30460DF5B1
:107A9000027D70BC5DF814FB10B5FAF77BF905A206
:107AA00000210846FFF7DAFF05A202210020FFF7B8
:107AB000D5FF10BD3230323638333430393500001E
:107AC000426F6F746C6F61646572000010B50AA23A
:107AD00000210846FFF7C2FF05F05EFC28B109A2AD
:107AE00002210020FFF7BAFF04E009A202210020D2
:107AF000FFF7B4FF10BD0000323032363833343077
:107B0000393500004175746F53616D706C6500000C
:107B100049444C45202020202020000010B5044678
:107B200015E040F201510D48FFF78CFC012800D10F
:107B300010BD40F20A510948FFF784FC012806D124
:107B400040F20A510548FFF769FC0020F0E7201ECB
:107B5000A4F10104E5D100BFEAE7000000540040B1
:107B600070B505460E46144607E0202231462846E9
:107B7000FDF780FF012800D170BD201EA4F1010493
:107B8000F3D100BFF8E770B505460E46144606E08F
:107B900031462846FFF756FC012800D170BD201E53
:107BA000A4F10104F4D100BFF8E7024605E0106833
:107BB00000F4007008B901207047081EA1F101010E
:107BC000F5D100BFF8E7000000B5ADF5017D324802
:107BD000007818B900200DF5017D00BD00202E4968
:107BE00008704FF480522D492D48F9F7D6FB4FF419
:107BF00080722A4941A8F9F7D0FB4FF480722949D5
:107C000001A8F9F7CAFB41A800F0D6FB68B901A8A2
:107C100000F0D2FB30B14FF4807201A941A8F9F70E
:107C2000BCFB02E041A800F0DDFB1F4943988842FD
:107C300001D10120CFE71C48C043439000204A9067
:107C40001A4846901A48479005F0D2F94C9041A83E
:107C500000F042FB7F904FF4807241A901A8F9F730
:107C60009CFB4FF4807241A90D48F9F796FB4FF445
:107C7000807201A90F48F9F790FB4FF48051074833
:107C8000F9F7BEFA08B90020A5E74FF4805204497D
:107C90000248F9F7E6FA9EE7D50100200000010846
:107CA000900E00200001010855AA55AA00100108F5
:107CB00000100508900F002010B54FF400310E4859
:107CC000F9F79EFA08B9002010BD01200B49087091
:107CD0004870002048604FF4003088600020C86081
:107CE0000861401E4861FFF7A7F904498861002038
:107CF00008770120E8E7000000100508700E00205A
:107D000070B50446E06800F6FF70050B2D032946A8
:107D10000E48F9F775FA08B9002070BD01200C492A
:107D2000087000204870A0684860E068886020699A
:107D3000C86000200861401E4861FFF77DF90449D2
:107D40008861002008770120E7E70000001005089F
:107D5000700E002010B52748407838B925480069D2
:107D600024498968884201D0002010BD214840780C
:107D7000012809D11F480069082805D21EA12648FC
:107D8000FFF78EFD0020F0E71A48007F28B123A1FD
:107D90002148FFF785FD0020E7E716494869FDF710
:107DA0004CF804461348407860B91248C068A042B5
:107DB00008D0104823461EA1C2681748FFF770FD7F
:107DC0000020D2E7254800F017FA28B924A112486C
:107DD000FFF766FD0020C8E706490869214600F064
:107DE00083FA28B925A10C48FFF75AFD0020BCE70B
:107DF0000120BAE7700E00204F54413A20636F6EA5
:107E00007465737420696D61676520746F6F20738A
:107E10006D616C6C0D0A0000001001404F54413A36
:107E2000207278206F766572666C6F770D0A00009D
:107E30004F54413A20637263206D69736D617463BE
:107E4000682C206578703D30782530385820676F71
:107E5000743D3078253038580D0A000000100508B0
:107E60004F54413A20696E76616C6964206170708C
:107E700020766563746F720D0A0000004F54413A1A
:107E800020706172616D20636F6D6D697420666131
:107E9000696C65640D0A000070B504460CB90020D9
:107EA00070BD20681149884212D1E08803280FD1A3
:107EB000A08820280CD160690D49884208D1A069AA
:107EC000012805D1E06818B1E068B0F5003F01D99C
:107ED0000020E5E71C212046FCF7A2FF0546E069EB
:107EE000A84201D10120DBE70020D9E778563412FF
:107EF000001001080120014908707047D5010020D9
:107F000070B5ADF5007D62E0344802F0F1F9044649
:107F1000FCB933484078012819D131480069B0B123
:107F2000FFF78AF82E498969401A40F2DC518842ED
:107F30000DD3FFF70FFF18B900200DF5007D70BDC0
:107F400028A13348FFF7ACFC72B6FAF7B7FB012063
:107F5000F3E72348806822490969451A2DB92DA104
:107F60002B48FFF79DFC0020E7E7AC4201D22046FA
:107F700000E028460646B6F5007F01D94FF40076AA
:107F800032466946154802F028FA3146684600F044
:107F90004DF938B9124826A102691D48FFF780FC47
:107FA0000020CAE70E48407888B90D4800690C499E
:107FB000896888420BD1FFF7CDFE08B90020BCE7E5
:107FC00022A11348FFF76CFC72B6FAF777FB04485E
:107FD0000078012898D00120AFE70000909E002093
:107FE000700E00204F54413A20636F6E74657374B5
:107FF00020646F6E652C20726573657420746F2029
:10800000626F6F746C6F616465720D0A000000002E
:10801000001001404F54413A2073697A65206C6921
:108020006D697420726561636865640D0A00000003
:108030004F54413A207772697465206661696C65B6
:10804000642061742025750D0A0000004F54413AE8
:1080500020646F6E652C20726573657420746F20C8
:10806000626F6F746C6F616465720D0A00000000CE
:1080700070B505460C4605B104B970BD05F05EF853
:1080800020B1A1B2284605F00FF8F6E722462946AE
:10809000064802F0CDF930B901200549087705A15D
:1080A0000B48FFF7FDFB00BFE7E70000909E0020B4
:1080B000700E00204F54413A2072696E672062753D
:1080C00066666572206F766572666C6F770D0A0062
:1080D0000010014010B520210748F9F777F900207A
:1080E00005490870401E48614FF4004203490448A6
:1080F00002F041F910BD0000700E0020901E00201B
:10810000909E002010B588B053E02A4800780128DE
:1081100006D1FFF7F5FE08B9FFF7DCFF08B010BD88
:10812000254802F0E5F80446042C00D2F6E70422C4
:108130006946214802F028F92049009888420ED16A
:1081400004211D4802F0EAF8FFF7B6FD30B91CA182
:108150002248FFF7A5FBFFF7BDFFDFE729E0204935
:108160000098884204D00121134802F0D7F820E09B
:10817000202C00D2D2E7202269460F4802F004F9F1
:108180006846FFF789FE20B901210B4802F0C6F8C6
:108190000FE02021084802F0C1F86846FFF7B0FD63
:1081A00030B910A10D48FFF77BFBFFF793FFB5E750
:1081B00000BFAAE7700E0020909E00205AA5C33C85
:1081C0004F54413A20636F6E746573742062656723
:1081D000696E206661696C65640D0A0000100140DB
:1081E000785634124F54413A20626567696E2066B2
:1081F00061696C65640D0A0001460B684A680848AD
:108200001840B0F1005F01D000207047054882425D
:1082100004D30548824201D80120F6E70020F4E7A4
:108220000000FE2F00100108FF0F030870B505467F
:108230000C4605B10CB9012070BD174800692044F7
:1082400015498968884205D914A11A48FFF728FB07
:108250000020F1E7104800691749461822462946D0
:108260003046F8F7FEFF28B914A11248FFF718FBB3
:108270000020E1E70849224648692946FCF7E0FD6D
:10828000054948610846006920440861FEF7D4FEAC
:10829000014988610120CFE7700E00204F54413A18
:1082A0002073697A65206F766572666C6F770D0A48
:1082B0000000000000100140001005084F54413A32
:1082C00020666C61736820777269746520666169E5
:1082D0006C65640D0A00000010B50446F8212046C4
:1082E000FCF79EFD10BD000030B5ADF5017D0446E4
:1082F0000D464FF4805229492948F9F74EF84FF4BA
:108300008072264941A8F9F748F84FF48072254950
:1083100001A8F9F742F841A800F04EF868B901A8A1
:1083200000F04AF830B14FF4807201A941A8F9F782
:1083300034F802E041A800F055F8449445951A48F5
:1083400046901A4847901A48439000204A9041A806
:10835000FFF7C2FF7F904FF4807241A901A8F9F79F
:108360001CF84FF4807241A90D48F9F716F84FF444
:10837000807201A90F48F9F710F84FF480510748AF
:10838000F8F73EFF18B900200DF5017D30BD4FF420
:10839000805203490148F8F764FFF5E7000001083F
:1083A000900E0020000101080010010800100508CF
:1083B00055AA55AA900F00200146084A0868904225
:1083C0000AD1074AD1F8FC00904205D14868B0F1C3
:1083D000011F01D1012070470020FCE73CC3A55AD2
:1083E000C3C3A5A510B504464FF480712046F8F725
:1083F000EDFF0A4820604FF0011060600020A0608F
:10840000074860610748A0610748C4F8FC0020469F
:10841000FFF762FFC4F8F80010BD00003CC3A55A86
:108420000010010800100508C3C3A5A500204FF0E7
:10843000E0218861704700004FF00070014908603A
:108440007047000004ED00E000BFEFF31081084624
:1084500072B670474FF0E020416900228069081A27
:1084600062EB02017047000001480068704700009D
:10847000D80100204FF0E02040690021704730B55E
:10848000014600BF01B120E000BF00BFEFF3108440
:10849000234672B600BF1846002211E000234FF0B9
:1084A000E02423616FF07F4363610023A36107230E
:1084B000236100BF00BF80F3108800BF00BF00BF72
:1084C000131E02F10402E9D000BF00BF012030BD3D
:1084D0002DE9F047FFF7CEFF441C41F10005264887
:1084E0000168406809196841234A1160506000BF63
:1084F0002248006810EB040845F100092048026892
:10850000002340464946F8F717FF06460F461D4828
:1085100001684068891978411A4A1160506018480A
:108520000068A6FB0001B8EB00001449086000BF1A
:1085300000BF1548006810EB040845F10009134816
:108540000268002340464946F8F7F6FE06460F4605
:108550000F4801684068891978410D4A11605060E0
:108560000A480068A6FB0001B8EB00000649086055
:1085700000BFBDE8F087000018020020FC010020C9
:10858000F80100200802002000020020F401002071
:108590001002002002480068C0F3806070470000AD
:1085A00004ED00E000BF80F3108800BF70474FF07B
:1085B000E020006920F001004FF0E02108617047E1
:1085C0000348006840F4807001490860704700006B
:1085D0000070004010B101280ED106E0084909687A
:1085E00041F00401064A116007E00549096841F0BD
:1085F0000801034A116000E000BF00BF704700009F
:108600000070004010B5324B1B68324C2340304C98
:10861000236023461B6803432360B1F5402F0DD12F
:1086200030B923461B682C4C2343294C236005E0BA
:10863000274B1B68294C2343254C2360284B1B6880
:1086400043F00403264C23604FF0E0231B69254CC4
:108650002360254B1B686360234B1B1D1B68A360B5
:10866000214B08331B68E3604FF0E0231B691F4C6C
:1086700023404FF0E02423611D4B1B4C80342360CA
:108680001C4B241D23609B144FF0E024C4F8883158
:108690000AB930BF02E040BF20BF20BF114B1B68AA
:1086A0004FF0E02423610F4B5B680F4C23600D4BB0
:1086B0009B684FF0E024C4F804310A4BDB68C4F82F
:1086C0000831074B1B6823F00403054C236010BDE1
:1086D00000700040FCF3F3FF00080C0000040C00E5
:1086E00010ED00E0A09E002000E100E00400010089
:1086F00031F87FFFFFF8FFBF2DE9F74FA4B0044624
:10870000884614B1B8F1000F03D1002027B0BDE8AE
:10871000F08FE079802801D90020F7E7E07900F1B7
:108720000D05012000EB450B2698584501DA002085
:10873000ECE7A5208DF80000B6208DF80100208818
:1087400000128DF8020020788DF80300A0788DF8D3
:108750000400A08800128DF8050020798DF806002D
:10876000E0798DF80700A07908B1A07900E0022037
:108770008DF80800002008E004F108010A5C00F10F
:1087800009010DF80120411CC8B2E1798142F3DCF6
:10879000E07900F109063146684600F0C9F88146E3
:1087A000B2464FEA292156460AF1010A0DF8061091
:1087B00009F0FF0251460AF1010A0DF80120B62224
:1087C00051460AF1010A0DF80120A52251460AF18D
:1087D000010A0DF80120002707E008EB47011DF80A
:1087E0000700FBF7B1FD781C87B2AF42F5DB002034
:1087F00008F815004FF6FF7000EA450086E72DE9FE
:10880000F043A3B005460E4617461C46DDE92A890B
:10881000ADF8045002208DF80600ADF808608DF820
:108820000A008DF80B40002004E03A5C03A90A54CA
:10883000411CC8B2A042F8DB4A46414601A8FFF7F6
:108840005BFF23B0BDE8F083F0B52DED028B85B062
:1088500007460C46F0EE408AB0EE608A15461E468A
:10886000200E8DF80800200C8DF80900200A8DF8E4
:108870000A00E0B28DF80B0003A8B0EE680A00F021
:10888000EFFC04A8B0EE480A00F0EAFC0C2302AAB0
:1088900040F202313846CDE90056FFF7B0FF05B08F
:1088A000BDEC028BF0BDF0B5A3B004460D461646F4
:1088B0001F46ADF80440FF208DF80600ADF80850C3
:1088C00002208DF80A0000208DF80B003A46314650
:1088D00001A8FFF711FF23B0F0BD70B5A2B00446A8
:1088E0000D461646ADF8004005208DF8020048F60A
:1088F0008800ADF8040002208DF8060000208DF8F5
:108900000700324629466846FFF7F6FE22B070BDE2
:10891000FEB506460F4614461D46FF200290012371
:1089200002AA39463046CDE90045FFF768FFFEBD93
:1089300030B502460B464FF6FF70002112E0545C42
:10894000604000240AE000F0010525B14AF201056B
:1089500085EA600000E04010651CECB2082CF2D300
:108960004C1CA1B29942EADB30BD00002DE9FF4F5B
:108970002DED028BBBB0814614461D4604F04AFB28
:10898000064619AA48463E9900F07AFC8046B8F19E
:10899000000F29D004F000FD30B100203BB0BDEC49
:1089A000028B04B0BDE8F08F08F1040008B1401C50
:1089B000C0B918AA48463E9900F0FCFC88B9BDF839
:1089C00060004FF6FF71884203D0BDF86000B042EE
:1089D00007D12B4622464EF6EE613046FFF763FF85
:1089E000DCE700BF0020D9E7BDF864004FF6FF7157
:1089F000884205D0BDF86400B04201D00020CDE728
:108A000004F0CAFC58B19DF86600012805D1BDF8F4
:108A1000680040F20331884201D00020BEE79DF893
:108A20006600012816D09DF86600052812D0BDF812
:108A300068000090BDF864309DF86620EFA1FD4805
:108A4000FEF72EFF2B4622464EF6EE613046FFF72C
:108A50002AFFA3E79DF8660005280BD1BDF8680042
:108A60004FF6FF71884205D12A4621463046FFF76E
:108A700034FF93E79DF8660001280FD1BDF8680028
:108A800040F20111884209D12B4622463046FFF7B9
:108A90003FFF074604F0E8FA38467FE79DF8660096
:108AA00001281ED1BDF8680040F20151884218D15A
:108AB0009DF86B0038B12B4622464EF6EE613046EB
:108AC000FFF7F1FE6AE72B46224640F2015130469D
:108AD000FFF71EFF0746FFF70DFA04F0C5FA384608
:108AE0005CE79DF86600012814D1BDF8680040F2EB
:108AF000025188420ED19DF86B0028B12B462246C8
:108B00003046FFF7D0FE49E7FFF7E4FA04F020FB18
:108B1000002043E79DF86600012811D1BDF86800E8
:108B2000B0F5827F0CD118A804F068FA042318AAC3
:108B30004FF482713046CDE90045FFF760FE2DE726
:108B40009DF8660001281DD1BDF86800B0F5837F4F
:108B500018D104F015FE0746380E8DF86000380C69
:108B60008DF86100380A8DF86200F8B28DF8630064
:108B7000042318AA4FF483713046CDE90045FFF76E
:108B80003EFE0BE79DF86600012834D1BDF8680071
:108B900040F2051188422ED19DF86B00042807D0C1
:108BA0002B4622464EF6EE613046FFF77CFEF5E698
:108BB0009DF86C00010619A8407A41EA004119A805
:108BC000807A41EA002019A9C97A40EA01073846AB
:108BD00004F036FE38B12B46224640F205113046ED
:108BE000FFF761FEDAE62B46224640F205113046D9
:108BF000FFF78EFED2E69DF86600012811D1BDF880
:108C00006800B0F5897F0CD104F0F2F918900123C7
:108C100018AA4FF489713046CDE90045FFF7EFFD02
:108C2000BCE69DF86600012816D1BDF8680040F248
:108C30000121884210D104F0F9FBB0EE408A18A857
:108C400000F00EFB042318AA40F201213046CDE9C2
:108C50000045FFF7D4FDA1E69DF86600012816D176
:108C6000BDF8680040F20221884210D104F0F0FB08
:108C7000B0EE408A18A800F0F3FA042318AA40F2D4
:108C800002213046CDE90045FFF7B9FD86E69DF8A3
:108C90006600012816D1BDF8680040F22121884203
:108CA00010D104F03DFBB0EE408A18A800F0D8FACD
:108CB000042318AA40F221213046CDE90045FFF7F0
:108CC0009EFD6BE69DF8660001281BD1BDF868008B
:108CD000B0F5806F16D104F0D1FAB0EE408A17A833
:108CE00000F0BEFA04F0D6FAB0EE408A18A800F000
:108CF000B7FA082317AAD9013046CDE90045FFF796
:108D00007EFD4BE69DF86600012820D1BDF8680085
:108D100040F2412188421AD19DF86B00042807D007
:108D20002B4622464EF6EE613046FFF7BCFD35E697
:108D30001BA800F075FBB0EE408A04F0B1FA2B4698
:108D4000224640F241213046FFF7E2FD26E69DF83B
:108D50006600012820D1BDF8680040F24221884217
:108D60001AD19DF86B00042807D02B4622464EF6F8
:108D7000EE613046FFF797FD10E61BA800F050FBB0
:108D8000B0EE408A04F0ACFA2B46224640F2422173
:108D90003046FFF7BDFD01E69DF86600012816D1BB
:108DA000BDF8680040F20141884210D104F066FA33
:108DB000B0EE408A18A800F053FA042318AA40F233
:108DC00001413046CDE90045FFF719FDE6E59DF884
:108DD000660001283FD1BDF8680040F21141884289
:108DE00039D19DF86B00042826D02B4622464EF63A
:108DF000EE613046FFF757FDD0E500005B4B2D30AC
:108E0000315D20756E6B6E6F776E206672616D6579
:108E100020747970652030782558206465766964FF
:108E2000203078255820636D6420307825580D0A4D
:108E300000000000001001401BA800F0F1FAB0EEA5
:108E4000408A04F03DFA2B46224640F2114130465A
:108E5000FFF75EFDA2E59DF86600012816D1BDF87A
:108E6000680040F20241884210D104F013FAB0EEDB
:108E7000408A18A800F0F4F9042318AA40F202412D
:108E80003046CDE90045FFF7BAFC87E59DF866005E
:108E9000012820D1BDF8680040F2124188421AD161
:108EA0009DF86B00042807D02B4622464EF6EE6153
:108EB0003046FFF7F8FC71E51BA800F0B1FAB0EE00
:108EC000408A04F01DFA2B46224640F212413046F9
:108ED000FFF71EFD62E59DF86600012822D1BDF86E
:108EE000680040F2013188421CD19DF86B000228D5
:108EF00007D02B4622464EF6EE613046FFF7D3FCF4
:108F00004CE519A8407A9DF86C1040EA01273846D4
:108F100004F052F82B46224640F201313046FFF76A
:108F2000F7FC3BE59DF86600012826D1BDF86800F6
:108F300040F26121884220D19DF86B00012807D0C2
:108F40002B4622464EF6EE613046FFF7ACFC25E597
:108F50009DF86C0004F02CFA38B12B46224640F202
:108F600061213046FFF79FFC18E52B46224640F270
:108F700061213046FFF7CCFC10E59DF86600012822
:108F800021D1BDF8680040F2023188421BD1FEF7C2
:108F900053F80746384604F039FA04F059FAB0EEAF
:108FA000408A04F043FAF0EE408A04F0E9FB82467E
:108FB0002B462246F0EE480AB0EE680A514630468B
:108FC000FFF742FCEAE49DF8660001280FD1BDF8E6
:108FD000680040F20331884209D104F021FA2B469F
:108FE000224640F203313046FFF792FCD6E49DF86A
:108FF0006600012810D1BDF8680040F2AA3188420D
:109000000AD12B4622463046FFF782FC07460A204B
:1090100004F062FA3846C1E49DF86600012826D1C2
:10902000BDF8680040F20161884220D19DF86B00D4
:10903000012807D02B4622464EF6EE613046FFF758
:1090400032FCABE49DF86C0003F036FF38B12B46E0
:10905000224640F201613046FFF725FC9EE42B4694
:10906000224640F201613046FFF752FC96E49DF83B
:109070006600012837D1BDF8680040F202618842DD
:1090800031D103F073FE074627B9062165A001F030
:10909000F1F926E00A2F01D2384600E00A201890A4
:1090A0004FF0000A19E0791EA1EB0A0188B2694667
:1090B00003F0CEFE68B9502204A9684603F05CFEB6
:1090C0008346BBF1000F03D0594604A801F0D2F942
:1090D00000BF0AF101001FFA80FA18988245E2DB0E
:1090E00000BF00205AE49DF8660001280FD1BDF8AA
:1090F000680040F20361884209D103F02BFE2B4641
:10910000224640F203613046FFF702FC46E49DF838
:10911000660001282DD1BDF86800B0F5D17F28D1B7
:109120009DF86B00012807D02B4622464EF6EE61D3
:109130003046FFF7B8FB31E49DF86C0003F00AFFFE
:1091400038B92B4622464EF6EE613046FFF7ABFBB0
:1091500024E49DF86C0003F08DFF2B4622464FF46B
:10916000D1713046FFF7D4FB074603F07DFF384648
:1091700014E49DF86600012813D1BDF8680040F2A0
:10918000111188420DD1300A8DF86000F0B28DF8CF
:109190006100022318AA3046CDE90045FFF72FFBF6
:1091A0001EE49DF86600012829D1BDF8680040F250
:1091B000A111884223D19DF86B00022807D02B46CD
:1091C00022464EF6EE613046FFF76DFB08E419A823
:1091D000407A9DF86C1040EA01271FB14FF6FF70EE
:1091E000874201D100200AE4384603F04DFF2B46A8
:1091F000224640F2A1113846FFF78AFB0EE4BDF883
:10920000640000909DF86630BDF8682007A11348FF
:10921000FEF746FB2B4622464EF6EE613046FFF740
:1092200042FB16E4656D7074790A00005B4B2D30CB
:10923000335D20696C6C6567616C20636D64203000
:109240007825582074797065203078255820646519
:1092500076696420307825580D0A0000001001401E
:1092600008B58DED000A9DF8031001709DF80210FD
:1092700041709DF8011081709DF80010C17008BD0B
:109280002DE9F04FA7B0824688461446BAF1000F88
:1092900000D024B94FF0FF3027B0BDE8F08FB8F10F
:1092A0001A0F02D24FF0FF30F6E708F0010010B1BC
:1092B0006FF00600F0E74FEA58058D2D02D96FF0E8
:1092C0000500E9E700270BE003AAD1190AEB4700E4
:1092D000FAF772F810B14FF0FF30DDE7781C87B273
:1092E000AF42F1DB9DF80D009DF80C1040EA012023
:1092F00002904AF2B6510298884202D06FF0010003
:10930000CAE7681E03A9095CA81E03AA105C41EA0B
:10931000002001904BF2A5610198884202D06FF0C5
:109320000200B9E79DF8136006F10D00A84202D0D3
:109330006FF00400B0E7802E02D96FF00500ABE7B4
:1093400006F10909494603A8FFF7F2FA834603A983
:1093500009F10100085C11F8091040EA01210091AF
:1093600000998B4502D06FF0030095E79DF80F0040
:109370009DF80E1040EA012020809DF81000A0709A
:109380009DF812009DF8111040EA0120A080E671BE
:109390009DF81400A071002008E000F1090103AA63
:1093A000525C04F108010A54411CC8B2B042F4DB1B
:1093B000002071E72DE9F84305460F46164605B132
:1093C0001EB94FF0FF30BDE8F883082F02D24FF0EE
:1093D000FF30F8E700240BE00DEB040105EB44003F
:1093E000F9F7EAFF10B14FF0FF30ECE7601CC4B2B0
:1093F000042CF1D39DF801009DF8001040EA0128EB
:109400004AF2B650804502D04FF0FF30DBE79DF8BE
:1094100003009DF8021040EA012030800020D2E7CE
:1094200008B5C1788DF8001081788DF80110417869
:109430008DF8021001788DF803109DED000A08BD2B
:1094400070B504460D46022D3DD12088072838D23C
:10945000DFE800F0040B141B2229300000BF4FF49A
:1094600080701949086000BF2CE000BF4FF4007005
:109470001549086000BFFAF7E5F923E000BF4FF493
:1094800080601149086000BF1CE000BF4FF400601D
:109490000D49086000BF15E000BF4FF480500A4935
:1094A000086000BF0EE000BF4FF40050064908609E
:1094B00000BF07E000BF4FF400500349086000BF41
:1094C00000E000BF00BF70BD2C0C024010B5044688
:1094D0002088072848D2DFE800F0040E18222C3537
:1094E0003E004FF400412148FDF774FE08B9012009
:1094F00010BD0020FCE74FF400511C48FDF76AFE48
:1095000008B90120F4E70020F2E74FF400611748A2
:10951000FDF760FE08B90120EAE70020E8E74FF414
:1095200000711248FDF756FE08B90120E0E700205F
:10953000DEE780210D48FDF74DFE08B90120D7E791
:109540000020D5E701210A48FDF744FE08B90120B3
:10955000CEE70020CCE701210648FDF73BFE08B925
:109560000120C5E70020C3E70020C1E7001002404A
:10957000000402400000024030B50446104A0023B7
:109580000EE003EBC305906800EB85000089A04264
:1095900005D103EBC305906800EB850030BD5B1C73
:1095A00090899842EDDC516905E08889A04201D19B
:1095B000081DF3E709680029F7D10020EEE7000055
:1095C000780600202DE9F84F04468A4691461E464B
:1095D000DDE90A87D74DA06908B9BDE8F88FD14504
:1095E00007D0A660B9F1000F03D0A07840F00200C8
:1095F000A070B9F1000F7DD0A07800F00100002824
:1096000053D13046A168FCF765FEA16909888842FC
:109610004ADBE08A002837DD30462169FCF75AFE34
:10962000A169098988422FDB00200090D7B9A86B77
:10963000C0B13046696BFCF74DFEA96B884211D270
:10964000688EFFF799FF8346BBF1000F09D0B8F190
:10965000000F06DB41465846F9F72EFF08B10120FE
:10966000009000BF009860B9E07800F0040040B1BD
:10967000012F02D1208868866E6302212046AA69E4
:1096800090470020E08200BFE6600020A082A07822
:1096900040F00100A070E07800F0010018B1002156
:1096A0002046AA699047666041E10FE0A1694989B7
:1096B000E0680844E060A08A401CA082E07800F0E6
:1096C000080018B103212046AA699047A069408983
:1096D000002807DD3046E168FCF7FCFDA1694989F7
:1096E0008842E3DAE08A0028DEDD30466168FCF774
:1096F000F1FD00E033E0A169C9888842D4DD002093
:109700000090D7B9A86BC0B13046696BFCF7E2FD99
:10971000A96B884211D2688EFFF72EFF8346BBF1FA
:10972000000F09D0B8F1000F06DB41465846F9F7A3
:10973000C3FE08B10120009000BF009860B9E07836
:1097400000F0040040B1012F02D1208868866E63CA
:1097500002212046AA6990470020E082E7E0A07835
:1097600000F0010000287CD03046A168FCF7B2FD73
:10977000A1694988884297DBA07820F00100A07099
:10978000E07800F0020018B101212046AA69904754
:1097900030466168FCF79EFDA169898888420CDB30
:1097A00030466168FCF796FDA169C988884204DCEF
:1097B000E08A401CE08226613AE0E08A002835DD3C
:1097C00030466168FCF786FDA169898888422DDAF8
:1097D00000200090D7B9A86BC0B13046696BFCF788
:1097E00079FDA96B884211D2688EFFF7C5FE8346CA
:1097F000BBF1000F09D0B8F1000F06DB4146584617
:10980000F9F75AFE08B10120009000BF009860B936
:10981000E07800F0040040B1012F02D12088688672
:109820006E6302212046AA69904700BF0020E082B3
:10983000E08A002836DDE08AA1698989884231D131
:1098400000200090E7B9A86BD0B13046696BFCF7F7
:1098500041FDA96B884213D2688EFFF78DFE8346C7
:1098600000E021E0BBF1000F09D0B8F1000F06DBEA
:1098700041465846F9F720FE08B10120009000BF8C
:10988000009860B9E07800F0040040B1012F02D1E7
:10989000208868866E6302212046AA6990470020CE
:1098A000E08200BF666042E0E08A002837DD304693
:1098B0002169FCF70FFDA1690989884237DB002087
:1098C0000090D7B9A86BC0B13046696BFCF702FDB8
:1098D000A96B884211D2688EFFF74EFE8346BBF11A
:1098E000000F09D0B8F1000F06DB41465846F9F7E2
:1098F000E3FD08B10120009000BF009860B9E07856
:1099000000F0040040B1012F02D1208868866E6308
:1099100002212046AA6990470020E08207E0A07853
:1099200000F0020018B1A07820F00200A07000BF83
:1099300053E600007806002010B5F0EE400A324BE6
:1099400093ED000AB4EEE00AF1EE10FA03DB1846DC
:1099500000F1080232E02C4B93ED140AB4EEE00A59
:10996000F1EE10FA04D803F1480000F1080225E0F6
:109970002548483000F1080200211CE0224B03EB8F
:10998000C10393ED000AB4EEE00AF1EE10FA11D82B
:109990001D4C4B1C04EBC30393ED000AB4EEE00A2C
:1099A000F1EE10FA06DB234603EBC1004B1C04EB7F
:1099B000C30202E0491C0A29E0D300BF92ED000A6D
:1099C00090ED001AB4EE410AF1EE10FA02D190EDDA
:1099D000010A10BD92ED010A90ED011A30EE410A24
:1099E00090ED001A30EEC11A20EE010A92ED001A35
:1099F000D0ED001A71EE611A80EE211A90ED010A85
:109A000031EE000AE5E7000060F3010810B52DED26
:109A1000068BB0EE408A9FED1A0AF0EE409A9FED59
:109A2000190AB0EE40AA9FED180AF0EE40AA9FED89
:109A3000140AC8EE000AB0EE609AB7EE000A70EEA3
:109A4000490A9FED120A9FED121A01EE600AF0EE2C
:109A5000408AF5EEC08AF1EE10FA04D29FED0D0AAD
:109A6000BDEC068B10BDB0EE680AF8F73BFEDFEDEB
:109A70000A0A70EE200A9FED091A80EE810AEFE7CC
:109A80000000C8423211803B7F051BB5662280373B
:109A90007F051BB600C079C4321180BB7F059BB522
:109AA00010B50A22B1FBF2F20A23B2FBF3F403FB76
:109AB0001422303202700A22B1FBF2F302FB1312BD
:109AC0003032427010BD2DE9F04705460E4617466C
:109AD000022E02D3A869B04202D84FF002088AE0F1
:109AE0002878012804D0022841D003287DD154E0F1
:109AF000B14609EB5909286A00EB59212846FDF7C0
:109B000095FE8046B8F1000F00D071E0C9F308015E
:109B100005F130000C1806F0010020B1F9B22078F0
:109B200061F31F1000E03846207009F1010901209F
:109B30002871286A00EB59212846FDF777FE8046F8
:109B4000B8F1000F00D053E0C9F3080105F130006F
:109B50000C1806F0010010B1C7F3071005E02078DB
:109B600000F0F000C7F303210843207040E0286AAA
:109B700000EB16212846FDF759FE8046B8F1000F8C
:109B800000D035E040F2FF1000EA460105F1300058
:109B90000C182770380A60702AE0286A00EBD6118A
:109BA0002846FDF743FE8046B8F1000F00D01FE0C5
:109BB00040F2FF1000EA860105F130000C18E07851
:109BC0000006A17840EA0140617840EA012021784E
:109BD000084300F0704007432770380A6070380C63
:109BE000A070380EE07003E0FFE74FF0020800BFFE
:109BF00000BF012028714046BDE8F0872DE9F04103
:109C000005461D27002400261A48046801E019486B
:109C1000046804F045000028F9D004F0010030B1D8
:109C20001127012002F01EFD3846BDE8F08104F046
:109C3000040028B11327042002F014FD3846F4E78D
:109C400002F07AFCA84202D008273846EDE70A481D
:109C500002F008FD002002F04BFD064607483040A8
:109C600010B91D273846E0E7304600F009F80746EE
:109C70003846DAE7342C0140FF07C00008E0F9FD60
:109C800001461C2001F000420AB100204EE001F024
:109C900080420AB1012049E001F000520AB10220DD
:109CA00044E001F080520AB103203FE001F000627D
:109CB0000AB104203AE001F080620AB1052035E0E3
:109CC00001F080720AB1062030E001F400020AB10E
:109CD00007202BE001F480020AB1082026E001F4FD
:109CE00000120AB1092021E001F480120AB10A2011
:109CF0001CE001F400220AB10B2017E001F48032CD
:109D00000AB10C2012E001F400420AB10D200DE06E
:109D100001F480420AB10E2008E001F400520AB1B9
:109D20000F2003E001F0080202B11020704700008C
:109D300070B51D2500241048046801E00E48046831
:109D400004F045000028F9D004F0010028B11125E5
:109D5000012002F087FC284670BD04F0040028B101
:109D60001325042002F07EFC2846F5E7034802F0A4
:109D700079FC2846F0E70000342C0140FF07C000C2
:109D800070B51D2500240B48046801E009480468EB
:109D900004F045000028F9D004F0040028B1132590
:109DA000042002F05FFC284670BD034802F05AFC14
:109DB0002846F9E7342C0140FF07C0002DE9F041A7
:109DC00007460E464FF01D0800250024234805686D
:109DD00001E02248056805F045000028F9D005F0AB
:109DE000010038B14FF01108012002F03BFC404661
:109DF000BDE8F08105F0040030B14FF013080420F5
:109E000002F030FC4046F3E702F096FBB84203D084
:109E10004FF008084046EBE7114802F023FC002011
:109E200002F066FC044604F4604018B9200C30804F
:109E30004046DDE704F4004010B14FF007080AE0A7
:109E400004F4804010B14FF0080804E004F400501E
:109E500008B14FF00B084046CAE70000342C01401F
:109E6000FF07C00070B51C26002442F21075104890
:109E7000046802E00E4804686D1E04F0450008B94D
:109E8000002DF7D104F0040000B92DB913260420E9
:109E900002F0E8FB304670BD04F0400028B11D26FA
:109EA000402002F0DFFB3046F5E73046F3E70000E4
:109EB000342C01400348006840F08070014908607C
:109EC00070470000743802402DE9F04F8CB0064610
:109ED00000200A903EA090E8004CC068CDE905BE85
:109EE000CDF810A007900FF2EC0ADAE9000ACDE9EC
:109EF000020A0FF2E00ADAE9000ACDE9000A38485E
:109F00000068C0F381000B900B9820B1012804D0A9
:109F1000022828D103E0334927E0334925E03048BF
:109F2000001F006800F03F072D48001F0068C0F3C5
:109F3000881C2B48001F0068C0F30140401C4FEAFA
:109F400040092748001F006800F48008B8F5800F1A
:109F500001D1254B00E0234BB3FBF7F000FB0CF0E5
:109F6000B0FBF9F101E01F4900BF00BF1C480068C9
:109F7000C0F3031404A8055D21FA05F2184800682F
:109F8000C0F3822402A8055D22FA05F00990144866
:109F90000068C0F342341DF8045022FA05F008901E
:109FA00036B1012E06D0022E06D0032E0AD106E0CD
:109FB0000A9108E00A9206E009980A9003E00898DE
:109FC0000A9000E000BF00BF0A980CB0BDE8F08F17
:109FD0000000000000000000010203040607080959
:109FE000083802400024F40040787D0110B540F6A6
:109FF000024000F0E1F840F6034000F0DDF841F2E5
:10A000000B1000F0D9F840F6164000F0D5F810BD5E
:10A0100010B501460020074B03EB9112D2F800283F
:10A0200001F01F040123A3401A400AB1012000E0FF
:10A03000002010BD00300240074A02EB9011D1F819
:10A04000001800F01F0301229A401143024B03EB5A
:10A050009012C2F80018704700300240F0B5064672
:10A060000024002700251C2E7DD007DCB6B3102E5F
:10A0700010D0182E67D01A2E76D176E0B6F5E05FB4
:10A0800019D0B6F5E85F4CD0A6F54050103800283E
:10A09000F2D134E004E01120FFF7BAFF0546641C5A
:10A0A0001DB94FF6FF708442F5D11120FFF7B0FFC4
:10A0B00000B101277AE005E041F60140FFF7A8FF73
:10A0C0000546641C1DB96FF070408442F4D141F61E
:10A0D0000140FFF79DFF00B1012767E0FFE704E0C3
:10A0E0000120FFF795FF0546641C15B9B4F5A06F74
:10A0F000F6D10120FFF78CFF00B1012756E005E003
:10A1000043F21100FFF784FF0546641C15B9294886
:10A110008442F5D143F21100FFF77AFF00B1012725
:10A1200044E005E041F60150FFF772FF0546641C6C
:10A1300015B920488442F5D141F60150FFF768FF78
:10A1400000B1012732E004E01920FFF761FF054666
:10A15000641C15B917488442F6D11920FFF758FF3F
:10A1600000B1012722E010E01FE004E01B20FFF710
:10A170004FFF0546641C15B90E488442F6D11B20DA
:10A18000FFF746FF00B1012710E004E01D20FFF7B4
:10A190003FFF0546641C15B906488442F6D11D20D0
:10A1A000FFF736FF00B1012700E000BF00BF3846CF
:10A1B000F0BD0000FFFF0F00074A02EB9011D1F83D
:10A1C000001800F01F0301229A401143024B03EBD9
:10A1D0009012C2F80018704700300240074A02EBA4
:10A1E0009011D1F8001800F01F0301229A4091430A
:10A1F000024B03EB9012C2F8001870470030024087
:10A20000074A02EB9011D1F8001800F01F03012259
:10A210009A401143024B03EB9012C2F800187047AA
:10A2200000300240044A116821F4407141EA000202
:10A23000014B1A6070470000703802402DE9F04170
:10A2400004460E46022E02D3A069B04201D802276E
:10A2500025E000271FE031462046FCF779FE054641
:10A2600005B91BE0012D01D1022717E0681C08B9D0
:10A27000012713E0002231462046FFF724FC074661
:10A2800007B10BE02069401C20B12069401C20610F
:10A29000012060712E46A069B042DCD800BF38466C
:10A2A000BDE8F08138B500200F490880002416E091
:10A2B000002000902046F9F745F80546042229467B
:10A2C000684602F061FA09490098884200D008E027
:10A2D00005480088401C04490880601C84B2AA2CF0
:10A2E000E6D300BF38BD0000B8010020EEFFC0A5D6
:10A2F000014619B1086808B1486808B900207047DC
:10A30000D1E90202904203D3D1E90202801AF6E7B2
:10A31000CA684868801A8A681044F0E770B5034636
:10A320000D461BB1186808B1586800B970BD1846D1
:10A33000FFF7DEFF0446A54201D2284600E0204692
:10A340000646D86830445968B0FBF1F201FB1200B0
:10A35000D86000BFEAE700B503461BB1186808B132
:10A36000586808B9002000BD1846FFF7C1FF5968BA
:10A37000081A401EF7E700B97047016042600023E9
:10A380008360C36000BFF7E72DE9F04303460D4645
:10A39000904623B11DB1186808B1586810B9002063
:10A3A000BDE8F0831846FFF7A3FF0746B84501D282
:10A3B000404600E038468146DE68002409E018681F
:10A3C000805D2855701C5968B0FBF1F201FB120644
:10A3D000641C4C45F3D34846E2E72DE9F0410346BF
:10A3E0000D46174623B11DB1186808B1586810B959
:10A3F0000020BDE8F0811846FFF77AFF0646B74215
:10A4000001D2384600E03046804600240CE0D9688E
:10A410001868405C2855D868401C5968B0FBF1F2B8
:10A4200001FB1200D860641C4445F0D34046E0E7CD
:10A43000F0B504460E46174604B10EB90020F0BD33
:10A440002046FFF788FFB84201D20020F7E7002539
:10A450000CE0705DA26821688854A068401C6168A7
:10A46000B0FBF1F201FB1200A0606D1CBD42F0D305
:10A470000120E4E770B505460E4600BF02201349EF
:10A48000886100BF3220FAF75BFF00240CE0295DF1
:10A490000F4803F00EFE00BF07210D4803F0AAFE8F
:10A4A0000028F9D0601C84B2B442F0DB00BF062162
:10A4B000074803F09FFE0028F9D03220FAF740FF4A
:10A4C00000BF02200149886200BF70BD0000024049
:10A4D0000044004030B50022D1E900342343CC6869
:10A4E00023430C7A4FF07C5505EA046423434C7AED
:10A4F0002D1205EA044423438C7A4FF4FE4505EA05
:10A5000004242343CC7A04F07F0443EA0402CA23E0
:10A51000084C236053232360012803D1054B083BDB
:10A520001A6002E0034B1B1F1A60FF23014C2360DB
:10A5300030BD00002428004018B502464FF4004307
:10A54000009300200021CA231A4C23605323236068
:10A55000012A14D1174B1C3B1B6823F48073154C44
:10A560001C3C236000BF134B183B1B6803F0010128
:10A57000009B5B1E0093B3B10029F4D013E00D4B98
:10A580001C3B1B6823F400730A4C1C3C236000BF77
:10A59000084B183B1B6803F00201009B5B1E0093F5
:10A5A0000BB10029F4D001B10120FF23014C23603D
:10A5B00018BD000024280040CA210D4A1160532113
:10A5C0001160012808D10A491C39096841F48071D9
:10A5D000074A1C3A116007E005491C39096841F433
:10A5E0000071034A1C3A1160FF21014A1160704753
:10A5F0002428004030B50021002200230024154DFE
:10A6000029682D1D2A68134D10352B68114D08350A
:10A610002C68150C0570C2F30425457002F03F0547
:10A620008570C2F34235C570C1F305450571C1F3AC
:10A630000625457101F07F058571C3F30645058147
:10A64000C3F30E05458101F48005C56004F04005A3
:10A65000056130BD00280040024909688143014A74
:10A66000116070470C28004001460020024A126821
:10A670000A4002B1012070470C280040F0B50446A2
:10A6800000250026002720784FF47F0101EA0040D2
:10A69000E1784FF4604202EA4131084361784FF4B7
:10A6A000F85202EA01210843A17801F03F0140EA93
:10A6B000010721794FF47C1202EA0141E068084366
:10A6C00061794FF4FE4202EA01210843A17901F0C9
:10A6D0007F0140EA0106CA2018490860532008603B
:10A6E00000F02EF805461DB320894FF4FE0101EA63
:10A6F00000406189C1F30E01084310491439086014
:10A700000E4824380660001D0760001D006820F018
:10A7100040000A491C39086008460068216908435E
:10A7200006491C39086000F02FF800F073F8054660
:10A73000FF20024908602846F0BD000024280040A0
:10A7400008B54FF480420092002100200D4A1268A3
:10A7500002F040029AB90B4A126842F08002094B9B
:10A760001A6000BF074A126802F04001009A521EA8
:10A7700000920AB10029F5D011B1012000E00120BA
:10A7800008BD00000C2800400348006820F080004D
:10A7900001490860704700000C280040CA210D4A9A
:10A7A0001160532111600B491C39096820F0040223
:10A7B0009143084A1C3A116006491C31096800F0AF
:10A7C00004029143034A1C321160FF21014A1160C7
:10A7D0007047000024280040CA210D4A116053210F
:10A7E00011600B491C39096820F004021143084A22
:10A7F0001C3A116006491C31096800F0040211433B
:10A80000034A1C321160FF21014A116070470000A9
:10A810002428004008B54FF4004200920021002097
:10A82000134A126802F0200202BBCA22104B1C33EA
:10A830001A6053221A600E4A121D126822F020027A
:10A840000B4B1B1D1A6000BF094A121D126802F053
:10A850002001009A521E00920AB10029F4D001B1E1
:10A860000120FF22024B1C331A6000E0012008BDCA
:10A870000828004010B50248FFF7BCFE10BD0000DC
:10A880005406002006200149087070472801002066
:10A8900070B500241EE0FCF7CFFB054604EB440036
:10A8A0000F4901EB8000406804EB44010C4A02EBC5
:10A8B000810189680844A8420AD804EB4400114683
:10A8C00001EB8000856004EB440152F821008047D1
:10A8D000601CC4B2034800788442DCDB70BD000019
:10A8E0002C010020280100202DE9F84F064689465A
:10A8F00014461D274FF000084FF0000A4FF0000BE0
:10A900003546002000901EB919273846BDE8F88F5B
:10A910001D20724908700020714908607149086063
:10A9200000221146104601F033FE0021084601F0D6
:10A9300053FE01F083FE01F06DFE002001F0D8FE11
:10A9400000F0007010B106273846DFE7664800784F
:10A95000022802D104024FEA5929601E00EA040AC3
:10A96000002C1BDDB4F5006F18DCBAF1000F15D117
:10A97000204600F0F3FD834640222146102001F0DE
:10A98000E1FD002001F0D2FE01F0F8FD1020FFF7FC
:10A9900035F907461D2F04D03846B7E71927384642
:10A9A000B4E70020514908604E4804605A460168E7
:10A9B0004FF0FF3001F0ECFD0021022001F00CFE11
:10A9C00001F046FE40224946112001F0BBFD002067
:10A9D00001F0ACFE01F0D2FD1120FFF70FF90746A0
:10A9E0001D2F01D0384691E741480068012851D118
:10A9F00011E04FF4004001F03BFE60B14FF0000861
:10AA000005E001F0E3FD45F8280008F10108B8F180
:10AA1000080FF6D3203540F22A6001F029FE002805
:10AA2000E7D0022001F024FE28B11227022001F015
:10AA300019FE38466AE7082001F01AFE28B11427EB
:10AA4000082001F00FFE384660E7202001F010FEDC
:10AA500028B11627202001F005FE384656E74FF4AE
:10AA6000007001F005FE30B117274FF4007001F0BF
:10AA7000F9FD38464AE703E001F0A8FD28602D1DE6
:10AA80004FF4001001F0F4FD0028F5D1194801F051
:10AA9000E9FD21E016480068E8B940F2293001F0EC
:10AAA00003FE01F0C1FD21463046FBF7EDF81248E8
:10AAB000009006E00098401E0090009808B91C2005
:10AAC00024E7202203210D48FAF7D4FF20B900988B
:10AAD0000028EFD100E01927384617E75000002082
:10AAE0005400002048000020400000204C000020BE
:10AAF00044000020FF07C000A0860100006402405F
:10AB00002DE9F04F85B081468A4614461D25002068
:10AB100004900026834603904F46804602900190A1
:10AB20000090B9F1000F04D11925284605B0BDE801
:10AB3000F08F1D20B04908700020B0490860B0496E
:10AB4000086000221146104601F022FD002108464F
:10AB500001F042FD01F072FD01F05CFD002001F00A
:10AB6000C7FD00F0007010B106252846DEE7A548B5
:10AB70000078022802D104024FEA5A2A601E00EA35
:10AB8000040B002C1BDDB4F5006F18DCBBF1000FCB
:10AB900015D1204600F0E2FC03904022214610200F
:10ABA00001F0D0FC002001F0C1FD01F0E7FC102015
:10ABB000FFF724F805461D2D04D02846B6E71925D1
:10ABC0002846B3E790480088010440220D2001F098
:10ABD000B9FC002001F0AAFD01F0D0FC0D20FFF728
:10ABE0000DF805461D2D01D028469FE7002001F0F5
:10ABF0007FFD0190854800901AE00098401E00906B
:10AC000081480088010440220D2001F09BFC0020B7
:10AC100001F08CFD01F0B2FC0D20FEF7EFFF0546C0
:10AC20001D2D01D0284681E7002001F061FD019033
:10AC3000019800F4807010B900980028DDD10098C8
:10AC400008B91C2072E740225146182001F07AFC16
:10AC5000002001F06BFD01F091FC1820FEF7CEFF03
:10AC600005461D2D01D0284660E700206849086090
:10AC700063480460039A01684FF0FF3001F088FCDC
:10AC80000021084601F0A8FC01F0E2FC61480068E0
:10AC9000012865D134E04FF4804001F0E9FC78B33D
:10ACA00057480068A0EB080020281DD254480078BF
:10ACB000A0EB080000F0030008B1012000E0002034
:10ACC0004F490968A1EB080100EB910002900026B2
:10ACD00006E0386801F08EFC3F1D08F10408761C80
:10ACE000029886420CD2F4E7002604E057F82600CA
:10ACF00001F080FC761C082EF8D3203708F12008DC
:10AD000040F21A6001F0B4FC0028C4D0022001F027
:10AD1000AFFC28B11225022001F0A4FC284605E76B
:10AD2000082001F0A5FC28B11425082001F09AFCA8
:10AD30002846FBE6102001F09BFC28B115251020C9
:10AD400001F090FC2846F1E64FF4007001F090FC11
:10AD5000A8B317254FF4007001F084FC2846E5E6FF
:10AD60002C48006860BB40F21A3001F09DFC21467F
:10AD70004846FBF7A1F801F057FC2448009006E094
:10AD80000098401E0090009808B91C20CEE62022B2
:10AD900003212148FAF76EFE10B900980028EFD180
:10ADA00000BF1648006818B9134800781D28F8D06D
:10ADB000114800781D2807D00F480078B6E603E058
:10ADC000FFE719252846B1E6144801F04BFC04A81A
:10ADD00000F044FB054603E004A800F03FFB0546F5
:10ADE0001D2D07D19DF810000728F5D09DF8100003
:10ADF0000628F1D0284699E6500000205400002093
:10AE0000480000204000002042000020A0860100F1
:10AE10004C0000204400002000640240FF07C000F6
:10AE200070B504461D2522480078052802D11B254F
:10AE3000284670BD1E48007838B11D4800780128AA
:10AE400003D01B480078022830D1B4F5805F02D1CE
:10AE50001B252846EDE7B4F5006F12D14FF4802092
:10AE600000F028F805461D2D20D100231A4619466A
:10AE7000184601F033FB204601F022FB01F002FCF2
:10AE800014E094B94FF4803000F014F805461D2DFD
:10AE90000CD100231A461946184601F01FFB204624
:10AEA00001F00EFB01F0EEFB00E019252846C0E79B
:10AEB0004000002070B505461D24002001F018FC5C
:10AEC00000F0007010B10624204670BD36493748A6
:10AED000008801F029FA04461D2C01D02046F4E731
:10AEE000B5F5803F2CD130484068284028B32F4822
:10AEF000008801044022372001F024FB002001F0EB
:10AF000015FC01F03BFB3720FEF778FE04461D2CB4
:10AF100001D02046D9E740220021062001F012FB93
:10AF2000002001F003FC01F029FB0620FEF766FE7D
:10AF300004461D2C02D02046C7E71A242046C4E749
:10AF4000B5F5802F2CD118484068284028B3174801
:10AF5000008801044022372001F0F4FA002001F0BB
:10AF6000E5FB01F00BFB3720FEF748FE04461D2CE5
:10AF700001D02046A9E740220221062001F0E2FA92
:10AF8000002001F0D3FB01F0F9FA0620FEF736FEAF
:10AF900004461D2C02D0204697E71A24204694E749
:10AFA0001924204691E700003800002042000020CC
:10AFB00070B500210023002400200022244D2D78AC
:10AFC0001DB1234D2D78012D2DD1224DAD88C5F316
:10AFD000072101F0030542EA85221E4D297942EA44
:10AFE0008102AD68290E42EA91121A4DAD68C5F38F
:10AFF00007418D076B0F174D2D89C5F3072143EAD4
:10B00000D113144D6D68C5F3074101F00F049D1C69
:10B01000012606FA05F5561C05FB06F00125A5409C
:10B020006843800A13E00A4D2D78022D0FD1094D97
:10B0300029798D06AA0A074DAD68290E42EA012238
:10B04000044DAD68C5F307410A43551C680270BD45
:10B0500040000020B406002030B501461D2000222B
:10B0600009B9192030BDA84B1B7881F83830A74B9F
:10B070001B88A1F84430A64B1B681A0E0A70A44B1B
:10B080001B68C3F3074213024B80A14B1B88C3F319
:10B0900007224B8813434B809D4B1A7813064B6055
:10B0A0009B4B5B681A0E4B6843EA02434B60984B1C
:10B0B0005B68C3F307424B6843EA02234B60944B3F
:10B0C0009B88C3F307224B6813434B60904B1A795C
:10B0D0000A729B681A0E4A728D4B9B68C3F3074233
:10B0E0001306CB608A4B1B89C3F30722CB6843EA64
:10B0F0000243CB60864B1A7ACB681343CB60844BF8
:10B10000DB681A0ECB681343CB60814BDB68C3F35B
:10B11000074202F00F034FF6FF7404EA03230B8289
:10B120007B4B9B89C3F307220B8A13430B82784B1B
:10B130001A7B53088B74774B1B681A0E93090B7597
:10B14000744B1B68C3F307424A75724B1B88C3F3E9
:10B1500007228A756F4B1A78CA755B681A0E14013C
:10B160000C836C4B5B68C3F307420B8B43EA1214EE
:10B170000C8302F00F048C76664B9B88C3F3072286
:10B18000D409CC76C2F380140C77C2F340144C7708
:10B19000C2F300148C775C4B1B781BB15A4B1B78A5
:10B1A000012B44D193071C0D0C625A4B1A790B6A80
:10B1B00043EA82040C62574B9B681A0E0B6A43EAFF
:10B1C00092140C62C2F3C20424235C5402F00704FC
:10B1D00025235C544F4B9B68C3F307425409262335
:10B1E0005C54C2F3820427235C5493075C0F28232A
:10B1F0005C54484B1B89C3F3072228235B5C43EA5A
:10B20000D21428235C548C7E0123A3400B640B6A68
:10B210005B1CCB632824645CA41C0125A540CB6B7C
:10B220006B43CB63D1E90F346343CB631DE0364BF3
:10B230001B78022B19D1374B1A7993069C0A0C62A2
:10B24000344B9B681A0E0B6A43EA02240C62314BA2
:10B250009B68C3F307420B6A13430B624FF40073FE
:10B260000B640B6A5B1CDB04CB63C2F380142923E1
:10B270005C5493065C0E2A235C54264B1A7A2A23CC
:10B280005B5C43EAD2142A235C5402F07F042B2334
:10B290005C54204BDB681A0ED4092C235C54C2F397
:10B2A00082042D235C5493071C0F2E235C54194BEE
:10B2B000DB68C3F307422E235B5C43EA92142E2320
:10B2C0005C54C2F340142F235C54124B9B89C3F38C
:10B2D0000722D40930235C54C2F3801431235C5418
:10B2E000C2F3401432235C54C2F3001433235C5481
:10B2F000C2F3810481F83440064B1A7B540881F86C
:10B30000354000BFAEE600004000002042000020B3
:10B31000C4060020B406002038B51D24012000908A
:10B3200001F0DAF910B91A24204638BD3D480078FA
:10B33000032824D0C0220021022001F003F90020BC
:10B3400001F0F4F901F01AF9FEF7F2FC04461D2CA5
:10B3500001D02046E9E7002001F0CAF9324908602F
:10B36000012001F0C5F930494860022001F0C0F920
:10B370002D498860032001F0BBF92B49C86029489A
:10B38000007858B127480078012807D02548007870
:10B39000022803D023480078042812D1402200213B
:10B3A000032001F0CFF8002001F0C0F901F0E6F829
:10B3B00069460320FEF702FD04461D2C01D02046FD
:10B3C000B3E71848007803282AD0BDF800001749D1
:10B3D0000880BDF800000104C022092001F0B2F885
:10B3E000002001F0A3F901F0C9F8FEF7A1FC044622
:10B3F0001D2C01D0204698E7002001F079F90C4976
:10B400000860012001F074F909494860022001F048
:10B410006FF907498860032001F06AF90449C860A0
:10B42000204682E740000020C406002042000020A1
:10B43000B406002070B504461D25210440220720D3
:10B4400001F080F8002001F071F901F097F8072071
:10B45000FEF7D4FB0546284670BD00007CB50446C7
:10B460001D250020019000902648008801044022FC
:10B470000D2001F067F8002001F058F901F07EF886
:10B4800021480068019002E01F480068019001987F
:10B4900000F045000028F7D0019800F0010028B125
:10B4A0001125012001F0DEF828467CBD019800F04E
:10B4B000040028B11325042001F0D4F82846F4E74D
:10B4C00001F03AF8019001980D2802D0082528468D
:10B4D000EBE70E4801F0C6F8002001F009F90090F2
:10B4E0000098C0F34320207009490098084010B923
:10B4F0001D252846D9E70098FEF7C2FB05462846D9
:10B50000D3E7000042000020342C0140FF07C000B8
:10B5100008E0F9FD70B504461D2514B91925284623
:10B5200070BD0D480088010440220D2001F00AF88A
:10B53000002001F0FBF801F021F80D20FEF75EFB82
:10B5400005461D2D01D02846EAE7002001F0D0F87D
:10B5500020602846E4E70000420000200146002267
:10B5600002E04910501CC2B20129FAD1F02000EAD1
:10B570000210704710B5002211463120FCF7DAF9AD
:10B5800010BD000030B5ADF51B7D3A48F5F729FF39
:10B590000546402101A8F5F719FF0A22364912A8ED
:10B5A000FAF746FF044674B1062C04D133493448F7
:10B5B000FCF776F904E0224632A13148FCF770F935
:10B5C0000DF51B7D30BD11AB2A462A4912A8FBF7A9
:10B5D0002CF9044614B91198A84209D0224634A186
:10B5E0002748119BFCF75CF912A8FAF7FFFEE7E782
:10B5F00012A8FAF7FBFE04462CB1224638A12048D7
:10B60000FCF74EF9DCE701221B4912A8FAF710FFFC
:10B6100004462CB122463DA11948FCF741F9CFE779
:10B620000020119011AB3F2201A912A8FAF7BAFF2E
:10B63000044612A8FAF7DAFE14B91198A84206D007
:10B6400022463DA10E48119BFCF72AF9B8E72A468D
:10B65000084901A8F5F7CCFE28B9074A42A10848D5
:10B66000FCF71EF903E047A10548FCF719F900BFF4
:10B67000A6E7000029F30108C0F20108CCF3010895
:10B68000001001404641544653206C6F6E672D6E8A
:10B69000616D65206F70656E287772697465292009
:10B6A0006661696C656420282564290D0A00000024
:10B6B0004641544653206C6F6E672D6E616D652058
:10B6C0007772697465206661696C656420287265AB
:10B6D000733D25642C2062773D2564290D0A000006
:10B6E0004641544653206C6F6E672D6E616D652028
:10B6F000636C6F7365287772697465292066616968
:10B700006C656420282564290D0A000046415446D2
:10B7100053206C6F6E672D6E616D65206F70656E66
:10B72000287265616429206661696C65642028253A
:10B7300064290D0A000000004641544653206C6FF6
:10B740006E672D6E616D652072656164206661694A
:10B750006C656420287265733D25642C2062723DFF
:10B760002564290D0A0000004641544653206C6FA1
:10B770006E672D6E616D6520504153533A202573DD
:10B780000D0A00004641544653206C6F6E672D6EC3
:10B79000616D6520766572696679206661696C65A0
:10B7A000640D0A00F8B50526002400BF0020FAF752
:10B7B00000F804461CB1701E80B2061EF6D1F8F7E0
:10B7C000D1FD224647A14F48FCF76AF84E490020B8
:10B7D000FAF718FE4D490880084602884CA14948EE
:10B7E000FCF75EF8002C7BD148480088002877D110
:10B7F0004DA14448FCF754F80A2253A15648FAF7E1
:10B8000017FE4249088055A15848F6F719FF5748D6
:10B81000F5F7E7FD0546564B2A4654494E48FBF7D7
:10B8200004F83A4908800846008820B951A13548F3
:10B83000FCF736F803E056A13248FCF731F84648E9
:10B84000FAF7D4FD012240A14348FAF7F1FD2F4950
:10B8500008800846008830B10846028853A129486C
:10B86000FCF71EF837E04148F5F7BBFD054680219F
:10B870005848F5F7ABFD0020574908600B467F227A
:10B8800054493548FAF78EFE20490880084600885A
:10B89000A8B951480068A84211D1AAB233494D480D
:10B8A000FBF7B2FF01280AD100204A494A4A126830
:10B8B00088540A4649A11348FBF7F2FF0AE04648BC
:10B8C000009503681148028800E009E04FA10D4887
:10B8D000FBF7E6FF00BF2048FAF788FDFFF752FEAE
:10B8E000F8BD000053442043617264206469736BA7
:10B8F0005F696E697469616C697A653A25640D0ADD
:10B900000000000000100140D40800208001002049
:10B910005344204361726420665F6D6F756E743AA4
:10B9200025640D0A000000000D0A53442043617293
:10B930006420496E697469616C697A652053756326
:10B9400063657373210D0A00303A2F464154465304
:10B950002E54585400000000040B002048454C4C65
:10B960004F204D435553545544494F00F00D00208E
:10B970008801002046415446532046494C452077D3
:10B98000726974652053756363657373210D0A00D2
:10B9900046415446532046494C45207772697465A8
:10B9A000206661696C6564210D0A000046415446B9
:10B9B000532046494C45206F70656E28726561645E
:10B9C00029206661696C656421207265733D256478
:10B9D0000D0A0000700D00208401002046415446ED
:10B9E0005320526561642046696C6520537563631A
:10B9F000657373210D0A54686520636F6E74656EFC
:10BA0000742069733A25730D0A00000046415446BC
:10BA1000532046494C452072656164206661696C1B
:10BA2000656421207265733D25642062723D256442
:10BA3000206578706563743D25640D0A0000000080
:10BA400010B51D24FEF7D2FAFBF78AFB00F0D8FDF3
:10BA500000F0D4FB04461D2C01D0204610BDFFF79A
:10BA60005BFC04461D2C01D02046F7E700231A4654
:10BA70001946184600F032FD002000F021FD00F0CC
:10BA800001FE2046EAE7000010B51D204649087077
:10BA90004FF4807000F016FEE0B1444800680128C1
:10BAA00004D100F0FBFC4049087002E01D203E4933
:10BAB00008704FF4807000F0FFFD4CF23A3000F057
:10BAC000EBFD01203A49086000203A4908603648F9
:10BAD000007810BD022000F0F5FD78B1022000F0E2
:10BAE000EBFD4CF23A3000F0D7FD00203149086000
:10BAF00012202D49087008460078EAE7082000F077
:10BB0000E1FD78B1082000F0D7FD4CF23A3000F0AA
:10BB1000C3FD002027490860142023490870084607
:10BB20000078D6E74FF4007000F0CCFD80B14FF400
:10BB3000007000F0C1FD4CF23A3000F0ADFD002085
:10BB40001C49086017201849087008460078C0E7AB
:10BB5000102000F0B7FD78B1102000F0ADFD4CF2E0
:10BB60003A3000F099FD00201249086015200E4976
:10BB7000087008460078ACE7202000F0A3FD78B1FB
:10BB8000202000F099FD4CF23A3000F085FD0020B5
:10BB9000084908601620044908700846007898E7AC
:10BBA0000148007895E70000500000204C0000207C
:10BBB00054000020580000202DE9FC5F80468A4692
:10BBC00014461E461D274FF000094FF0000B0020C1
:10BBD000019045460090B8F1000F03D1192738466F
:10BBE000BDE8FC9F1D209249087000209149086023
:10BBF0009149086000221146104600F0C9FC00215E
:10BC0000084600F0E9FC00F019FD00F003FD0020FB
:10BC100000F06EFD00F0007010B106273846DFE737
:10BC200086480078022802D104024FEA5A2A601E90
:10BC300000EA040B002C1BDDB4F5006F18DCBBF12F
:10BC4000000F15D12046FFF789FC019040222146C4
:10BC5000102000F077FC002000F068FD00F08EFC62
:10BC60001020FDF7CBFF07461D2F04D03846B7E75D
:10BC700019273846B4E7012E74D906FB04F0B0F159
:10BC8000007F02D319273846AAE701206C490860D3
:10BC900006FB04F0684908600846019A01684FF005
:10BCA000FF3000F075FC0021022000F095FC00F050
:10BCB000CFFC40225146122000F044FC002000F04E
:10BCC00035FD00F05BFC1220FDF798FF07461D2FA5
:10BCD00001D0384684E75B480068012875D111E03F
:10BCE0004FF4004000F0C4FC60B14FF0000905E0E3
:10BCF00000F06CFC45F8290009F10109B9F1080FC1
:10BD0000F6D3203540F22A3000F0B2FC0028E7D00C
:10BD1000022000F0ADFC28B11227022000F0A2FCA6
:10BD200038465DE7082000F0A3FC28B1142708205E
:10BD300000F098FC384653E7202000F099FC28B129
:10BD40001627202000F08EFC384649E74FF400709B
:10BD500000F08EFC38B117274FF4007000F082FC21
:10BD600038463DE762E003E000F030FC28602D1D1E
:10BD70004FF4001000F07CFC0028F5D14FF48070E7
:10BD800000F076FCE8B12D48007838B12B480078F7
:10BD9000012803D029480078022812D1402200212E
:10BDA0000C2000F0CFFB002000F0C0FC00F0E6FB10
:10BDB0000C20FDF723FF07461D2F02D038460FE762
:10BDC00003E0214800F04EFC30E01E48006860BBF4
:10BDD00040F22A3000F068FC00F026FC16480168AA
:10BDE0004046F9F751FF1948009006E00098401EC0
:10BDF0000090009808B91C20F2E620220321144884
:10BE0000F9F738FE10B900980028EFD100BF0948B3
:10BE1000006818B9064800781D28F8D00448007852
:10BE20001D2803D002480078DAE619273846D7E6FD
:10BE30005000002054000020480000204000002056
:10BE40004C00002044000020FF07C000A086010035
:10BE5000006402402DE9F04F85B082468B461446BF
:10BE60001E461D2500200490002703900290D04616
:10BE7000814601900090BAF1000F04D1192528469F
:10BE800005B0BDE8F08F1D20CE4908700020CE49D6
:10BE90000860CE49086000221146104600F078FB89
:10BEA0000021084600F098FB00F0C8FB00F0B2FB50
:10BEB000002000F01DFC00F0007010B1062528469F
:10BEC000DEE7C3480078022802D104024FEA5B2B68
:10BED000601E20400390002C1ADDB4F5006F17DCC3
:10BEE0000398A8B92046FFF739FB0290402221466B
:10BEF000102000F027FB002000F018FC00F03EFBB3
:10BF00001020FDF77BFE05461D2D04D02846B7E71F
:10BF100019252846B4E7AF480088010440220D20C7
:10BF200000F010FB002000F001FC00F027FB0D20CA
:10BF3000FDF764FE05461D2D01D02846A0E7012E21
:10BF400070D906FB04F0B0F1007F02D31925284612
:10BF500096E79F48007838B19D480078012803D0C3
:10BF60009B480078022825D19A4800880104402285
:10BF7000372000F0E7FA002000F0D8FB00F0FEFACE
:10BF80003720FDF73BFE05461D2D01D0284677E7FB
:10BF900040223146172000F0D5FA002000F0C6FB01
:10BFA00000F0ECFA1720FDF729FE05461D2D01D003
:10BFB000284665E740225946192000F0C3FA0020C0
:10BFC00000F0B4FB00F0DAFA1920FDF717FE054681
:10BFD0001D2D01D0284653E701207F49086006FB4C
:10BFE00004F07A4908600846029A01684FF0FF3071
:10BFF00000F0CEFA0021084600F0EEFA00F028FB2F
:10C000007648006801287DD138E04FF4804000F088
:10C010002FFB98B36D480068A0EB090020280ED3D1
:10C02000002705E0B5E058F8270000F0E3FA7F1C90
:10C03000082FF8D308F1200809F120091EE0634811
:10C040000078A0EB090000F0030008B1012000E037
:10C0500000205E490968A1EB090100EB9100019005
:10C06000002708E0D8F8000000F0C4FA08F104083E
:10C0700009F104097F1C01988742F3D340F21A307A
:10C0800000F0F6FA0028C0D0022000F0F1FA28B142
:10C090001225022000F0E6FA2846F1E6082000F01A
:10C0A000E7FA28B11425082000F0DCFA2846E7E674
:10C0B000102000F0DDFA28B11525102000F0D2FA8A
:10C0C0002846DDE64FF4007000F0D2FA30B11725B3
:10C0D0004FF4007000F0C6FA2846D1E64FF48070A5
:10C0E00000F0C6FAF0B13A48007838B13848007824
:10C0F000012803D036480078022813D140220021BD
:10C100000C2000E012E000F01DFA002000F00EFB11
:10C1100000F034FA0C20FDF771FD05461D2D01D00D
:10C120002846ADE62E4800F09DFA32E02B48006824
:10C1300060BB40F21A3000F0B7FA00F075FA2348FD
:10C1400001685046F9F7B8FE2648009006E00098CE
:10C15000401E0090009808B91C2091E6202203217F
:10C160002148F9F787FC10B900980028EFD100BFEB
:10C170001548006818B9134800781D28F8D01148F0
:10C1800000781D2805D00F48007879E61925284643
:10C1900076E6134800F066FA04A8FFF75FF9054653
:10C1A00003E004A8FFF75AF905461D2D07D19DF8B5
:10C1B00010000728F5D09DF810000628F1D0284679
:10C1C0005EE60000500000205400002048000020DF
:10C1D00040000020420000204C00002044000020CD
:10C1E000FF07C000400D03000064024010B51D248D
:10C1F000002000F077FA204610BD00002DE9F04144
:10C200001D240027002600254FF000087623002279
:10C210001146104600F062F9002000F051F900F0DC
:10C2200031FA032000F05EFA00F07CF9002211469A
:10C23000104600F087F9002000F078FA00F09EF92F
:10C24000F8F7FAFC04461D2C02D02046BDE8F08128
:10C2500040224FF4D571082000F074F9002000F05E
:10C2600065FA00F08BF9FDF7FDFD1D2803D10120D3
:10C270002B490870870740220021372000F062F91F
:10C28000002000F053FA00F079F93720FDF7B6FCF2
:10C290001D2842D12CE040220021372000F052F925
:10C2A000002000F043FA00F069F93720FDF7A6FC02
:10C2B00004461D2C01D02046C8E71A4847EA000171
:10C2C0004022292000F03EF9002000F02FFA00F073
:10C2D00055F9FDF755FD04461D2C01D02046B5E764
:10C2E000002000F005FA0646012000EAD6786D1C11
:10C2F000B8F1000F03D14FF6FF708542CBD34FF654
:10C30000FF70854202D3182420469FE706F0804044
:10C31000061E02D0022002490870204696E700005F
:10C3200040000020000010802DE9FC4106460D462B
:10C330001D24002000900190002740220821102099
:10C3400000F000F9002000F0F1F900F017F91020DA
:10C35000FDF754FC04461D2C02D02046BDE8FC81AC
:10C3600031044022372000F0EDF8002000F0DEF923
:10C3700000F004F93720FDF741FC04461D2C01D0E4
:10C380002046EBE7302208214FF0FF3000F000F9A3
:10C390000221002000F020F900F05AF9402200218B
:10C3A000332000F0CFF8002000F0C0F900F0E6F8EC
:10C3B0003320FDF723FC04461D2C01D02046CDE799
:10C3C00009E04FF4001000F053F920B100F0FEF83E
:10C3D0004DF827007F1C40F22A6000F049F9002840
:10C3E000EFD0022000F044F928B11224022000F01E
:10C3F00039F92046B2E7082000F03AF928B11424B0
:10C40000082000F02FF92046A8E7202000F030F99E
:10C4100028B11624202000F025F920469EE74FF48D
:10C42000007000F025F930B117244FF4007000F0CF
:10C4300019F9204692E7124800F014F90198000615
:10C44000019901F47F4140EA0120019901F47F0143
:10C4500040EA1120019940EA116028600098000626
:10C46000009901F47F4140EA0120009901F47F0125
:10C4700040EA1120009940EA1160686020466DE7AB
:10C48000FF07C00001461D2009B1012902D1024A5F
:10C49000116000E0192070474400002010B51D24F1
:10C4A000402200210C2000F04DF8002000F03EF961
:10C4B00000F064F80C20FDF7A1FB0446204610BDF7
:10C4C0000549096821F4C051034A11601146096801
:10C4D0000143116070470000042C014030B5044650
:10C4E0000020094D2868094D2840FF2B04D940F051
:10C4F0000040A3F58075ABB244EA010515431D4326
:10C500002843014D286030BD042C014000D9FF7F35
:10C510000348006820F480700149086070470000FB
:10C52000042C01400348006840F480700149086011
:10C5300070470000042C014001480068C0B27047F9
:10C54000102C014030B5034600200B4C246824F425
:10C550008064094D2C602C1F246800242D1F2C6042
:10C560002C462160241D206820F0FF0043EA0204CD
:10C5700020432C1D206030BD0C2C01400348006876
:10C5800040F4806001490860704700000C2C0140B5
:10C5900010B50D4B1B6800230B4C2360231D1B683B
:10C5A00003F07E43241D2360231D1B6823F0F0034A
:10C5B000241D2360044B18601B1D19601B1D1B6884
:10C5C0001343236010BD0000242C01400148006883
:10C5D00070470000802C014002460020044B186880
:10C5E00020F0060042EA01031843014B186070472F
:10C5F0002C2C01400149086070470000802C01404C
:10C6000010B540F60B10FDF7FBFD40F60B10FDF7E3
:10C61000E5FD10BD0348006820F0080001490860EE
:10C62000704700002C2C01400348006840F00800CF
:10C6300001490860704700002C2C01400348006845
:10C6400020F0010001490860704700002C2C0140D7
:10C650000348006840F0010001490860704700008D
:10C660002C2C01400149086070470000382C014023
:10C6700001460020024A12680A4002B101207047B8
:10C68000342C01400348006820F4804001490860D0
:10C6900070470000042C0140024909688143014AA7
:10C6A000116070473C2C0140024909680143014A6E
:10C6B000116070473C2C0140014908607047000040
:10C6C000382C014001460020024A12680A4002B19B
:10C6D00001207047342C0140014800687047000079
:10C6E000002C01400149086070470000002C014007
:10C6F0000146002031B1012907D0022909D00329C0
:10C700000FD10AE0084A10680CE0074A121D1068B1
:10C7100008E0054A0832106804E0034A0C32106849
:10C7200000E000BF00BF7047142C014005490968B4
:10C7300021F44071034A11601146096801431160F8
:10C74000704700000C2C0140016821F0400101609D
:10C75000704721B9426822F00202426003E0426859
:10C7600022F001024260704721B9426842F00202A1
:10C77000426003E0426842F0010242607047016893
:10C7800041F040010160704770B505460C46164601
:10C790004FF480511048FAF7DEFC032000F00EF948
:10C7A000C4F3074000F00AF9C4F3072000F006F9CB
:10C7B000E0B200F003F904E0A52000F0FFF82870D3
:10C7C0006D1C301EA6F101018EB2F5D14FF48051DF
:10C7D0000148FAF7C2FC70BD000402402DE9F05F89
:10C7E00007460E4614464FF00008C146C2460025D3
:10C7F000AB4606F0FF0ACAF10000C5B22046E117B9
:10C8000004EB1161C1F30728E11704EB1161091270
:10C81000A4EB012101F0FF09BAF1000F20D1B8F11A
:10C82000000F05D122463146384600F077F864E023
:10C8300009E04FF480723146384600F06FF806F593
:10C84000807607F58077B8F10000A8F1010101F0CA
:10C85000FF08EED14A463146384600F05FF84CE01A
:10C86000B8F1000F18D1A94510DDA9EB050000F0C3
:10C87000FF0B2A463146384600F050F82E442F442C
:10C880005A463146384600F049F836E022463146ED
:10C89000384600F043F830E0601B84B22046E117D0
:10C8A00004EB1161C1F30728E11704EB11610912D0
:10C8B000A4EB012101F0FF092A463146384600F079
:10C8C0002DF82E442F4409E04FF48072314638464B
:10C8D00000F024F806F5807607F58077B8F10000BF
:10C8E000A8F1010101F0FF08EED1B9F1000F04D069
:10C8F0004A463146384600F011F8BDE8F09F000086
:10C9000010B54FF480510348FAF727FC0248FFF7AF
:10C9100036FF10BD000402400038004070B50546E7
:10C920000C46164600F0E4F84FF480511148FAF72F
:10C9300012FC022000F042F8C4F3074000F03EF879
:10C94000C4F3072000F03AF8E0B200F037F803E053
:10C95000287800F033F86D1C301EA6F101018EB26C
:10C96000F6D14FF480510348FAF7F7FB00F0A4F832
:10C9700070BD00000004024010B5044600F0B8F895
:10C980004FF480510C48FAF7E6FB202000F016F82F
:10C99000C4F3074000F012F8C4F3072000F00EF8CB
:10C9A000E0B200F00BF84FF480510348FAF7D5FBE2
:10C9B00000F082F810BD00000004024010B58AB0FB
:10C9C00004463948047004213848F8F7E1FF384834
:10C9D00001903548039040200790002005904FF4C7
:10C9E000003009900120089002900020049001205E
:10C9F000069001AA04212D48F9F7A0F9002204218C
:10CA00002A48F8F792FF03212848F8F7C1FF284881
:10CA1000019028480390002007904FF400300990BF
:10CA200001AA03212148F9F789F9002203211F48AF
:10CA3000F8F77BFF03211D48F8F767FF04211B4827
:10CA4000F8F763FF01211A480C38FFF78DFE00212B
:10CA500017480C38FFF788FE00BF20220321134837
:10CA6000F9F708F80028F8D0012111480C38FFF731
:10CA700070FE00210E480C38FFF76BFE03210B48B7
:10CA8000F8F733FF04210948F8F72FFF202203218C
:10CA90000648F8F7D0FF202204210448F8F7CBFF1E
:10CAA000044800780AB010BD3C020020006002403B
:10CAB0000C3800404802002010B500244FF480518B
:10CAC0000A48FAF748FB0520FFF778FF00BFA520CA
:10CAD000FFF774FF044604F001000028F7D14FF47B
:10CAE00080510248FAF739FB10BD000000040240F3
:10CAF00010B54FF480510648FAF72DFB0620FFF7DA
:10CB00005DFF4FF480510248FAF727FB10BD00008B
:10CB10000004024030B589B004464FF480714148AA
:10CB2000FAF719FB2012404908704C7005213F4864
:10CB3000F8F72EFF3E4800903B48029040200690B8
:10CB4000002004904FF4003008900220079001204C
:10CB5000019000200390012005906A46052133488A
:10CB6000F9F7ECF8032205213048F8F7DEFE002142
:10CB70002E48F8F70DFF2E4800902E480290002016
:10CB800006904FF4003008906A4600212748F9F7D4
:10CB9000D5F8032200212548F8F7C7FE00212348D5
:10CBA000F8F7B3FE05212148F8F7AFFE0121204830
:10CBB0000C38FFF7D9FD00211D480C38FFF7D4FDD4
:10CBC00000BF202200211948F8F754FF0028F8D0B0
:10CBD000012117480C38FFF7BCFD002114480C3820
:10CBE000FFF7B7FD00211148F8F77FFE05210F4838
:10CBF000F8F77BFE202200210C48F8F71CFF2022CA
:10CC000005210A48F8F717FF0A4800780502094885
:10CC1000407805434FF480710248FAF79EFA28469F
:10CC200009B030BD00100240240200200064024020
:10CC30000C3001403002002002460020106800F451
:10CC400041500B6818434B6818438B681843CB68F6
:10CC500018430B6918434B6918438B6918431060DC
:10CC6000D36923F40063D361704730B501460020D7
:10CC70000B2200BF431003EBC01411F8015B6319D2
:10CC8000D8B2531E1A1EF5D130BD70B5044600212E
:10CC90002046FAF7CBFD0546002D59D12078032810
:10CCA0004FD1607900284CD00020E0624FF4007230
:10CCB000002104F13000FAF79DFD552184F82E1271
:10CCC000AA2184F82F12522084F8300052213120FA
:10CCD0000155612132200155412133200155722136
:10CCE00084F8141284F81512412184F81612612177
:10CCF00084F81712217C84F81812208A010A84F81B
:10CD000019122069010C84F81A122069010E84F8A6
:10CD10001B12217B84F81C12A089010A84F81D12C1
:10CD2000E068010C84F81E12E068010E84F81F12FE
:10CD30006078012304F130016269F8F7AEFD00204C
:10CD40006071607800221146F8F776FD00B1012588
:10CD5000284670BD10B54FF48050FFF70DFE00203F
:10CD60000149088010BD0000B8010020014800887A
:10CD700070470000B80100202DE9F04106460D463D
:10CD8000174616B10DB1402F02D20020BDE8F08148
:10CD900000243A462946306800F050FC1324202233
:10CDA0002146641C6A547C222146641C6A54202259
:10CDB0002146641C6A5443222146641C6A5448225A
:10CDC0002146641C6A5430790A21B0FBF1F201FB60
:10CDD000120130312246641CA95420222146641CD1
:10CDE0006A547C222146641C6A5420222146641C19
:10CDF0006A54D6ED020AB0EE600A2819F9F790FFDE
:10CE0000204484B220222046611C8CB22A547C2209
:10CE10002046611C8CB22A5420222046611C8CB210
:10CE20002A54D6ED030AB0EE600A2819F9F778FF04
:10CE3000204484B20A222046611C8CB22A54204627
:10CE4000A4E700000148007870470000B40100200A
:10CE500070B586B005460C461CB113480088854263
:10CE600003DB4FF0FF3006B070BD2846F6F76AFAD4
:10CE70000646182231466846FFF786FC0B490098A3
:10CE8000884201D0C817EEE7019820609DF808009D
:10CE900020719DED030A84ED020A9DED040A84EDE4
:10CEA000030A0020DFE70000B8010020EEFFC0A564
:10CEB00010B5FDF7F7F910BD10B50446012C04D0EC
:10CEC000022C02D04FF0FF3010BD0348047000F078
:10CED00061FB0020F8E70000B401002010B52DED43
:10CEE000028B00F0CBF9B0EE408A00F09FFAF0EE32
:10CEF000408AF0EE480A0020F7F718FC00F0CAF963
:10CF0000B0EE408A00F0A4FAF0EE408AF0EE480A53
:10CF10000120F7F70BFCBDEC028B10BD70B5054688
:10CF2000284600F017F8044614B94FF0FF3070BDE2
:10CF3000074801F031F92146054801F041F8042184
:10CF4000034801F03DF9024801F035F90020EEE711
:10CF5000004400400146112906D0122907D01329A8
:10CF600008D014290CD108E04FF4965070474FF4C4
:10CF70001650FBE74FF49640F8E74FF4E130F5E741
:10CF80000020F3E70148008870470000A601002058
:10CF900010B50446B4F5805F01D340F6FF74044831
:10CFA00004802346002211460248F8F7E1F810BD3C
:10CFB000A60100200074004010B50446B4F5805F5F
:10CFC00001D340F6FF740548048023460022114631
:10CFD0000348F8F7CDF800F0DDFA10BDA6010020F7
:10CFE0000074004000200149087070478F01002044
:10CFF00001480078704700009001002000B9704798
:10D000000221017000214170012181700021C17055
:10D0100000BFF4E701480088704700008C01002041
:10D020000D480078B0B100BF02200C49886200BFF3
:10D0300000BFBFF34F8F0A48006800F4E060094961
:10D040000843001D06490860BFF34F8F00BF00BFB3
:10D0500000BFFDE7704700008E0100200000024085
:10D060000CED00E00000FA0501200149087070474E
:10D070008E01002010B504460248047000F08AFAC0
:10D0800010BD00009001002010B504460248048045
:10D0900000F080FA10BD00008C01002001480078EB
:10D0A000704700008F01002070B505460C461348FC
:10D0B0000078012800D070BD05B104B9FBE700205D
:10D0C0000EE00F490988042908D22A5C0C490B8814
:10D0D0000988491C0A4E31800A49CA54411C88B249
:10D0E000A042EEDB08480068204407490860F9F7D1
:10D0F000A3FF0649086000BFDDE70000C40100206F
:10D10000CA010020C5010020CC010020D001002070
:10D11000002005490870054908800549086005494F
:10D120000860054908707047C4010020CA0100204A
:10D13000CC010020D0010020D40100200348007859
:10D14000012800D170470020FCE70000C401002046
:10D1500010B50120074908700020074908800749D9
:10D160000860F9F769FF0649086000200549087062
:10D1700010BD0000C4010020CA010020CC01002025
:10D18000D0010020D40100202DE9F04104460D46D5
:10D1900016480078022802D00020BDE8F08104B1D2
:10D1A0000DB90020F9E7FFF735FF07461048007872
:10D1B00040B12B46224640F202513846FBF7A8FB0D
:10D1C000064607E02B46224640F202513846FBF75E
:10D1D0006AFB064600200549087006490880064992
:10D1E0000860034908703046D7E70000C4010020FA
:10D1F000D4010020CA010020CC010020164A127878
:10D20000012A00D07047154A126802B9FAE7144A99
:10D210001268821A642A00D2F4E7124A1288042A99
:10D2200011D3114A12785A2A0DD10F4A5278A52AE1
:10D2300009D10D4A9278C32A05D10B4AD2783C2AEB
:10D2400001D1012200E000221146084A1170022299
:10D25000014B1A7000BFD5E7C4010020CC010020AB
:10D26000D0010020CA010020C5010020D401002007
:10D27000014890ED000A704794010020014890EDAC
:10D28000000A70479C010020014890ED000A704799
:10D2900098010020014890ED000A7047A00100208D
:10D2A00010B52DED028BB0EE408A044880ED008A67
:10D2B00000F070F9BDEC028B10BD0000940100205D
:10D2C00010B52DED028BB0EE408A044880ED008A47
:10D2D00000F060F9BDEC028B10BD00009C01002045
:10D2E00010B52DED028BB0EE408A044880ED008A27
:10D2F00000F050F9BDEC028B10BD00009801002039
:10D3000010B52DED028BB0EE408A044880ED008A06
:10D3100000F040F9BDEC028B10BD0000A001002020
:10D3200010B52DED028B02210420F4F799FBB0EE2D
:10D33000408ADFED110A88EE200ADFED100A30EE98
:10D34000C00A9FED0F1AC0EE010A9FED0E1A80EE83
:10D35000810ADFED0D0A20EE200AF0EE408AB0EEE1
:10D36000680AFCF7E9FAF0EE408AB0EE680AFCF7CA
:10D370004DFBBDEC028B10BDCDCCCC3FB072E83F75
:10D38000EC5120419CC4803F00007A440148007861
:10D3900070470000A9010020014800787047000094
:10D3A000A80100200149086070470000B00100207A
:10D3B00070B504462046F7F79FFC054615B94FF0B7
:10D3C000FF3070BD034804700348056000F0E2F8C8
:10D3D0000020F6E7A9010020AC0100200146084822
:10D3E000007808B90020704706480068081A064A05
:10D3F0001268904201D30120F5E70020F3E7000016
:10D40000A8010020B0010020AC0100200121024A47
:10D410001170024908607047A8010020B001002087
:10D420000020014908707047A801002010B52DEDBB
:10D43000028B06490888F5F7BBFEB0EE408AFFF77D
:10D4400017FF28EE000ABDEC028B10BD080000207B
:10D4500010B52DED028BF6F7C9F80446F5F7A8FED6
:10D46000B0EE408AFFF710FF28EE000ABDEC028BF9
:10D4700010BD000010B51148007800B910BD10486B
:10D48000046800200D4908702046F7F78BFCF6F77A
:10D49000D9F90120FDF750F84FF48050FDF77EF9DF
:10D4A0004FF48070FDF7D8F84FF40030F8F78CFF98
:10D4B000112104A0FCF7DEFF00BFDFE7BC01002064
:10D4C000C0010020696E737472756D656E7420778B
:10D4D000616B65757000000008B90A2100E0014623
:10D4E000024A11600121024A11707047C0010020F8
:10D4F000BC01002000B589B0242200216846FFF756
:10D5000043F92249009888423CD1BDF80400102814
:10D5100038D16846F6F718F80899884232D10120C8
:10D520001B490870BDF80600FFF7AEFD9DF8080026
:10D53000FFF7A0FDDDED030AB0EE600AFFF7B0FED5
:10D54000DDED040AB0EE600AFFF7CAFEDDED050A64
:10D55000B0EE600AFFF7B4FEDDED060AB0EE600A39
:10D56000FFF7CEFE9DF80900FFF722FF9DF80A00A5
:10D57000FFF7A2FCBDF81C00FFF70AFD00200449DC
:10D58000087001E000F006F809B000BD0757FECAB8
:10D59000A401002000B589B02048007808B109B086
:10D5A00000BD1F4800901020ADF80400FFF732FDC9
:10D5B000ADF80600FFF71CFD8DF80800FFF7E6FE4A
:10D5C0008DF80900FFF73EFC8DF80A0000208DF869
:10D5D0000B00FFF74DFE8DED030AFFF755FE8DEDB5
:10D5E000040AFFF74BFE8DED050AFFF753FE8DEDA4
:10D5F000060AFFF7C7FCADF81C000020ADF81E00BE
:10D600006846F5F7A1FF08900020FFF7B5F924223E
:10D6100000216846FFF7E2F800BFC0E7A401002040
:10D620000757FECA10B504462046F5F7DEFE10BDCA
:10D6300010B504462046F7F735FE10BD2DE9FF5F13
:10D6400081460C46924614B1BAF1140F01D2BDE8DE
:10D65000FF9F4A48B9FBF0F100FB1198B9FBF0F6C7
:10D660004FF46160B8FBF0F0C0B203904FF461601A
:10D67000B8FBF0F100FB11803C21B0FBF1F0C0B22F
:10D6800002903C20B8FBF0F100FB1180019040F2C9
:10D69000B27511E02846F9F73BFF10B14FF4B770AF
:10D6A00001E040F26D1083465E4500D205E0A6EB36
:10D6B0000B06681C85B200BFECE700BF01270CE039
:10D6C00029463846F7F7D8FD83465E4500D206E086
:10D6D000A6EB0B06781CC7B200BF0C2FF0D900BF19
:10D6E000701CC0B200904FF47A70B5FBF0F00A21C4
:10D6F000B0FBF1F201FB1200303020706420B5FB6A
:10D70000F0F0B0FBF1F201FB1200303060700A2043
:10D71000B5FBF0F0B0FBF1F201FB12003030A0706D
:10D720000A20B5FBF0F100FB11503030E0702D20E5
:10D7300020713946601DFCF7B3F92D20E07104F12A
:10D7400008000099FCF7ACF92020A07204F10B004E
:10D750000399FCF7A5F93A20607304F10E000299D1
:10D76000FCF79EF93A20207404F111000199FCF7AE
:10D7700097F90020E07400BF69E7000080510100C4
:10D780002DE9F05F2B48FCF735FF2A490878F5F7BB
:10D790002CFE00F5FA6727494878F5F726FE05467E
:10D7A00024498878F5F721FE804622490879F5F763
:10D7B0001CFE81461F494879F5F717FE82461D4930
:10D7C0008879F5F712FE8346002440F2B2760BE02A
:10D7D0003046F9F79DFE10B14FF4B77001E040F20A
:10D7E0006D100444701C86B2BE42F1DB6DB10C2D8D
:10D7F0000BD8681E104931F810000444022D04D9DA
:10D800003846F9F785FE00B1641CB8F1000F02D06C
:10D81000A8F10100044409486043C9EB4911C1EB78
:10D82000092100EB0110CAEB0A1100EB81005844FA
:10D83000BDE8F09F540600203CF301088051010030
:10D840002DE9FE4F07464448B7FBF0F100FB117885
:10D85000B7FBF0F54FF46160B8FBF0F0C0B2029096
:10D860004FF46160B8FBF0F100FB11803C21B0FB8C
:10D87000F1F0C0B201903C20B8FBF0F100FB118048
:10D88000009040F2B27411E02046F9F741FE10B169
:10D890004FF4B77001E040F26D1083465D4500D251
:10D8A00005E0A5EB0B05601C84B200BFECE700BFF0
:10D8B000B4F5FA6F03D340F63300844203D94FF036
:10D8C000FF30BDE8FE8F01260CE021463046F7F719
:10D8D000D3FC83465D4500D206E0A5EB0B05701C2A
:10D8E000C6B200BF0C2EF0D900BF681C00F0FF09C3
:10D8F0001948B7FBF0F0C01C0721B0FBF1F201FBA7
:10D90000120000F1010AA4F5FA61C8B2F7F7CAFCE7
:10D9100012490870084646704846F7F7C3FC0F499D
:10D920008870084680F803A00298F7F7BBFC0B4903
:10D9300008710198F7F7B6FC084948710098F7F7A5
:10D94000B1FC064988710846FCF798FE10B94FF003
:10D95000FF30B6E70020B4E78051010054060020F4
:10D9600070B504460B46CD1701EB9575AD10A1EBD4
:10D970008505AE000F25B540E843CD1701EB957541
:10D98000AD10A1EB8505AD0004FA05F2CD1701EB52
:10D990009575AD1035B1012D0ED0022D18D0032D87
:10D9A0002ED121E0184B1B680340174D2B602B46EE
:10D9B0001B6813432B6024E0134B1B1D1B680340A3
:10D9C000114D2D1D2B602B461B6813432B6018E057
:10D9D0000D4B08331B6803400B4D08352B602B465D
:10D9E0001B6813432B600CE0074B0C331B68034090
:10D9F000054D0C352B602B461B6813432B6000E054
:10DA000000BF00BF70BD00000838014008B500200D
:10DA100000213F4A126842F480323D4B1A6000BF39
:10DA2000401C3B4A126802F4003119B94FF6FF72EC
:10DA30009042F5D1364A126802F4003232B900BF82
:10DA4000334A126802F40032002AF9D0304A4032D8
:10DA5000126842F080522E4B40331A602D4A1268F1
:10DA600042F440422B4B1A60294A08321268284B74
:10DA700008331A601A46126842F400421A601A46C5
:10DA8000126842F4A0521A60234A1B1F1A601A1F20
:10DA9000126842F080721B1F1A6000BF1C4A126895
:10DAA00002F00072002AF9D01A4A126842F4803259
:10DAB000184B1A6000BF174A526802F48032002ADD
:10DAC000F9D0144A126842F40032124B1A6000BFB7
:10DAD000104A526802F40032002AF9D00C4A083287
:10DAE00012680092009A22F003020092009A42F01B
:10DAF00002020092064B0833009A1A6000BF044AE3
:10DB00000832126802F00802002AF8D008BD0000AE
:10DB100000380240007000401978400A10B5FFF745
:10DB200075FF10BD10B5124800684FF47A71B0FB54
:10DB3000F1F4601EB0F1807F01D301200FE0601E80
:10DB40004FF0E02148610F214FF0FF30F4F7A2FDC4
:10DB500000204FF0E021886107200861002008B113
:10DB600000BFFEE70021481EF4F794FD10BD000041
:10DB7000D80100201FB5104800F020F8684600F0DA
:10DB80003DF9EF20ADF800000020ADF80200ADF83F
:10DB90000400632002900020ADF806008DF80C0010
:10DBA0006946054800F0D6F82021034800F01EF928
:10DBB000014800F0CAF81FBD0010004010B504462F
:10DBC0005C49601A8C426FD019DC5B49A4EB010000
:10DBD0008C424ED009DCB4F1804F2ED057482044FF
:10DBE000A0B3B0F5806F72D13AE0B0F5806F49D044
:10DBF000B0F5006F4FD0B0F5406FF4D17BE0B0F5D9
:10DC0000923F5BD009DCB0F5806F73D0B0F5644F04
:10DC10000AD0B0F5684F5AD147E0B0F5943F57D0DD
:10DC2000B0F5963F53D15CE04FF41060FCF7E8FA92
:10DC30004FF41060FCF7D2FA79E04FF40060FCF783
:10DC4000DFFA4FF40060FCF7C9FA70E0FFE740F636
:10DC50000100FCF7D5FA40F60100FCF7BFFA66E0D8
:10DC600040F60200FCF7CCFA40F60200FCF7B6FAE8
:10DC70005DE040F60300FCF7C3FA40F60300FCF752
:10DC8000ADFA54E040F60400FCF7BAFA40F604009E
:10DC9000FCF7A4FA4BE040F60500FCF7B1FA40F6B9
:10DCA0000500FCF79BFA42E02EE040F60110FCF77D
:10DCB000A7FA40F60110FCF791FA38E04FF4116032
:10DCC000FCF79EFA4FF41160FCF788FA2FE02DE084
:10DCD00040F61110FCF794FA40F61110FCF77EFAAA
:10DCE00025E040F61210FCF78BFA40F61210FCF714
:10DCF00075FA1CE011E040F60600FCF781FA40F6E8
:10DD00000600FCF76BFA12E040F60700FCF778FA21
:10DD100040F60700FCF762FA09E040F60800FCF75D
:10DD20006FFA40F60800FCF759FA00E000BF00BFA8
:10DD300010BD0000001C0040000C004000FCFFBFB4
:10DD4000016821F0010101607047016841F00101A3
:10DD5000016070470A8882621D4A90420ED0B0F17D
:10DD6000804F0BD01B4A904208D01B4A904205D0EE
:10DD70001A4A904202D01A4A90420BD1026822F00D
:10DD80007002026002684B881A43026002688B8846
:10DD90001A4302608A68C262124A90420AD0124A4A
:10DDA000904207D0026822F4407202600268CB8879
:10DDB0001A430260064A904202D0094A904201D1B9
:10DDC0000A7B0263426942F001024261704700002F
:10DDD000000001400004004000080040000C00402A
:10DDE000000401400010004000140040426822F08E
:10DDF0007002426042680A4342607047002101801D
:10DE0000418081804FF6FF7181600021C1800173E4
:10DE100070470000F0B52DED028BC7B0FFF73EF95B
:10DE200078B1FFF7DFF8FFF7F5F805461B2240A9A8
:10DE3000FAF753FD04461CB1214640A8FCF71AFB33
:10DE400000BF3B48007860B13A4A3BA13B48F9F734
:10DE500027FD4FF400713748F3F7B8FA0020344932
:10DE600008703748007808B33648058800203449E0
:10DE700008703449088040F21B136A46294632482C
:10DE8000FAF774FD04461CB121466846FCF7F2FA25
:10DE900029462D48F3F79AFAF9F796FE08B1F9F7F3
:10DEA000FBFDFFF7BDF8FFF7E5FA00BFF9F7C4F88F
:10DEB00005462846FFF792FA08B3FFF7C9FAB0EE15
:10DEC000408AFFF7B3FAF0EE408AFFF759FC0646A6
:10DED000FFF7A0F8074640F21B136A46F0EE480A27
:10DEE000B0EE680A3146FAF7AFFC044634B1214679
:10DEF0006846FCF7BFFA2846FFF754FA00BFFEF762
:10DF0000EDFFF9F799F805462846FFF777F940F253
:10DF10001B116846FFF738F904461CB121466846D4
:10DF2000FCF7A8FAFAF7EEF847B0BDEC028BF0BDAB
:10DF300076010020D4060020257300000010014067
:10DF400077010020780100205404002070B5FAF712
:10DF50008BFA04461548B4FBF0F0154908604FF4FD
:10DF60007A70B4FBF0F013490860FAF76DFA0546D1
:10DF7000002615E0F9F790F80F4A1060516000BFD5
:10DF8000BFF34F8FBFF36F8F00BFF9F785F80A4AD1
:10DF900011685268401A094908602846FAF702FBDE
:10DFA000301E06F10406E5D070BD000040420F00AF
:10DFB000F4010020F8010020E0010020F001002021
:10DFC0002DE9F04704460D460027B846B94600261D
:10DFD0003349601A8C4235D00CDC32482044E8B119
:10DFE000B0F5806F1FD0B0F5006F21D0B0F5406F55
:10DFF00032D122E0B0F5806F29D0B0F5184F03D0B0
:10E00000B0F51C4F28D104E00320FBF75DFF074665
:10E0100023E00320FBF758FF07461EE00220FBF732
:10E0200053FF074619E00220FBF74EFF074614E0B6
:10E030000220FBF749FF07460FE00220FBF744FFF1
:10E0400007460AE00220FBF73FFF074605E00220F3
:10E05000FBF73AFF074600E000BF00BFE06800F4AE
:10E06000004070B1780000EB5500B0FBF5F64FF6BC
:10E07000F07006EA0008C6F3420948EA0900A06009
:10E080000CE007EB5500B0FBF5F64FF6F07006EA32
:10E09000000806F00F0948EA0900A060BDE8F08713
:10E0A0000078004000BCFFBF01464868C0F308008C
:10E0B0007047C1F3080242607047000010B5044683
:10E0C0003349601A8C424DD00CDC32482044E0B118
:10E0D000B0F5806F22D0B0F5006F31D0B0F5406F51
:10E0E00052D136E0B0F5806F45D0B0F5184F03D06F
:10E0F000B0F51C4F48D11AE040F60410FCF780F848
:10E1000040F60410FCF76AF83FE040F61100FCF717
:10E1100077F840F61100FCF761F836E040F612009F
:10E12000FCF76EF840F61200FCF758F82DE040F6C8
:10E130000510FCF765F840F60510FCF74FF824E0F1
:10E1400040F61300FCF75CF840F61300FCF746F8C5
:10E150001BE040F61400FCF753F840F61400FCF7FF
:10E160003DF812E040F61E00FCF74AF840F61E00AB
:10E17000FCF734F809E040F61F00FCF741F840F6E0
:10E180001F00FCF72BF800E000BF00BF10BD00002F
:10E190000078004000BCFFBFC16821F40051C1609D
:10E1A0007047426922F040024261426901F0400337
:10E1B0001A4342617047C16841F40051C160704721
:10E1C00010B543F2080291420BD100EB9112126894
:10E1D00001F01F040123A3409A4300EB91131A603E
:10E1E00007E001F01F0301229A40D24300EB911394
:10E1F0001A6010BD30B50246002002EB91131B6877
:10E2000001F01F050124AC4023400BB1012000E0C8
:10E21000002030BD10B500EB9112126801F01F0410
:10E220000123A3409A4300EB91131A6010BD10B56F
:10E2300000EB9112126801F01F040123A3401A435E
:10E2400000EB91131A6010BDF0B5024600200023C8
:10E250000024C1F38915555901F01F070126BE405E
:10E2600005EA060302EB91552D68C1F30447012628
:10E27000BE4005EA060414B10BB1012000E0002005
:10E28000F0BD0A460021C16821F004011143C160BC
:10E2900070470A460021C16821F008011143C1609E
:10E2A000704770B504460D4624B1207810B1E0885F
:10E2B000A84201D0092070BD6078F7F7E8FA00F0B5
:10E2C000010008B10320F6E70020F4E70000000099
:10E2D00000000000002F00000000070007000014ED
:10E2E0007F147F1400242A7F2A12006264081323FB
:10E2F00000364955225000000503000000001C2292
:10E300004100000041221C000014083E08140008CF
:10E31000083E0808000000A060000008080808087F
:10E32000000060600000002010080402003E514917
:10E33000453E0000427F40000042615149460021B5
:10E3400041454B31001814127F10002745454539CF
:10E35000003C4A494930000171090503003649492A
:10E36000493600064949291E0000363600000000E3
:10E37000563600000008142241000014141414142E
:10E3800000004122140800020151090600324959D7
:10E39000513E007C1211127C007F49494936003EF3
:10E3A00041414122007F4141221C007F49494941AE
:10E3B000007F09090901003E4149497A007F0808A8
:10E3C000087F0000417F4100002040413F01007F65
:10E3D00008142241007F40404040007F020C027F31
:10E3E000007F0408107F003E4141413E007F090943
:10E3F0000906003E4151215E007F09192946004669
:10E40000494949310001017F0101003F4040403F3F
:10E41000001F2040201F003F4038403F0063140889
:10E420001463000708700807006151494543000064
:10E430007F41410000552A552A55000041417F0087
:10E44000000402010204004040404040000001027C
:10E450000400002054545478007F48444438003865
:10E460004444442000384444487F003854545418ED
:10E4700000087E0901020018A4A4A47C007F0804FF
:10E4800004780000447D4000004080847D00007FCF
:10E49000102844000000417F4000007C04180478EC
:10E4A000007C0804047800384444443800FC2424E8
:10E4B00024180018242418FC007C080404080048D0
:10E4C0005454542000043F444020003C4040207CF1
:10E4D000001C2040201C003C4030403C00442810E0
:10E4E0002844001CA0A0A07C004464544C44141494
:10E4F00014141414000000000000000000000000CC
:10E5000000000000000000F80000000000000033E0
:10E510003000000000100C06100C06000000000087
:10E520000000000040C07840C0784000043F040470
:10E530003F040400007088FC08300000001820FF31
:10E54000211E0000F008F000E018000000211C036C
:10E550001E211E0000F00888700000001E212324E8
:10E560001927211010160E00000000000000000006
:10E5700000000000000000E0180402000000000796
:10E580001820400000020418E0000000004020189D
:10E5900007000000404080F0804040000202010F70
:10E5A00001020200000000F0000000000101011F54
:10E5B00001010100000000000000000080B07000B8
:10E5C0000000000000000000000000000001010148
:10E5D00001010101000000000000000000303000D7
:10E5E00000000000000000008060180400601806B1
:10E5F0000100000000E010080810E000000F1020EB
:10E6000020100F00001010F8000000000020203F34
:10E6100020200000007008080888700000302824BE
:10E62000222130000030088888483000001820205F
:10E6300020110E000000C02010F800000007042484
:10E64000243F240000F808888808080000192120C9
:10E6500020110E0000E0108888180000000F112023
:10E6600020110E0000380808C83808000000003FDC
:10E67000000000000070880808887000001C22213B
:10E6800021221C0000E010080810E00000003122E8
:10E6900022110F00000000C0C00000000000003088
:10E6A00030000000000000800000000000008060DA
:10E6B000000000000000804020100800000102045B
:10E6C0000810200040404040404040000404040442
:10E6D00004040400000810204080000000201008FE
:10E6E00004020100007048080808F0000000003033
:10E6F00036010000C030C828E810E00007182724C1
:10E7000023140B000000C038E0000000203C23026E
:10E710000227382008F8888888700000203F2020D1
:10E7200020110E00C0300808080838000718202003
:10E730002010080008F808080810E000203F2020FA
:10E7400020100F0008F88888E8081000203F2020DB
:10E750002320180008F88888E8081000203F2000CF
:10E7600003000000C0300808083800000718202007
:10E77000221E020008F808000008F808203F2101C6
:10E7800001213F20000808F8080800000020203F71
:10E790002020000000000808F8080800C0808080E1
:10E7A0007F00000008F888C028180800203F2001DA
:10E7B0002638200008F8080000000000203F202034
:10E7C0002020300008F8F800F8F80800203F003F4B
:10E7D000003F200008F830C00008F808203F200063
:10E7E00007183F00E01008080810E0000F10202074
:10E7F00020100F0008F808080808F000203F210149
:10E8000001010000E01008080810E0000F1824249F
:10E8100038504F0008F8888888887000203F200012
:10E82000030C3020007088080808380000382021C8
:10E8300021221C00180808F8080818000000203FD2
:10E840002000000008F808000008F808001F202039
:10E8500020201F000878880000C83808000007380A
:10E860000E010000F80800F80008F800033C07005B
:10E87000073C0300081868808068180820302C03C3
:10E88000032C30200838C800C83808000000203F9A
:10E890002000000010080808C83808002038262189
:10E8A00020201800000000FE020202000000007F8D
:10E8B00040404000000C30C000000000000000019B
:10E8C0000638C00000020202FE0000000040404086
:10E8D0007F000000000004020202040000000000AB
:10E8E0000000000000000000000000008080808028
:10E8F0008080808000020204000000000000000010
:10E9000000000000000080808080000000192422A8
:10E9100022223F2008F8008080000000003F1120E4
:10E9200020110E000000008080800000000E1120E9
:10E9300020201100000000808088F800000E1120C7
:10E9400020103F200000808080800000001F2222D5
:10E9500022221300008080F0888888180020203F41
:10E96000202000000000808080808000006B949454
:10E970009493600000F8008080808000003F0100D8
:10E9800000003F0000809898000000000020203F19
:10E9900020200000000000809898000000C08080C7
:10E9A000807F000008F8000080808000203F240263
:10E9B0002D302000000808F8000000000020203F53
:10E9C000202000008080808080808000203F200008
:10E9D0003F20003F8080008080800000203F210099
:10E9E00000203F200000808080800000001F202049
:10E9F00020201F00808000808000000080FFA12078
:10EA000020110E000000008080808000000E112088
:10EA100020A0FF80808080008080800020203F2117
:10EA200020000100000080808080800000332424CA
:10EA300024241900008080E0808000000000001F76
:10EA4000202000008080000000808000001F202027
:10EA500020103F20808080000080808000010E30E8
:10EA60000806010080800080008080800F300C0349
:10EA70000C300F0000808000808080000020312E4C
:10EA80000E312000808080000080808080818E7028
:10EA90001806010000808080808080000021302CDA
:10EAA0002221300000000000807C020200000000F3
:10EAB000003F404000000000FF0000000000000098
:10EAC000FF0000000002027C800000000040403F88
:10EAD0000000000000060101020204040000000022
:10EAE00000000000002046CC0804047CC404048418
:10EAF000F40C000000000000000000000000000016
:10EB0000000000000040300C44406020110E0E1345
:10EB10002060400000000000000000000000000035
:10EB200000000000000038084848484E4CC8C8485B
:10EB3000083838000000000000000000000000005D
:10EB400000000000000404040404C4447F0504041D
:10EB500004040400000000000000000000000000A9
:10EB6000000000000000000008103060E0E000003D
:10EB7000404040404040404040202020A0F07020D5
:10EB80000000000000000000000000000000000085
:10EB90000000000000000000000000000000000075
:10EBA0000000000000000000000000000000000065
:10EBB0000000000000000000000000000000000055
:10EBC0000000000000000000000000000000000045
:10EBD0000000000000000000000000000000000035
:10EBE00000000000000808181030700000C0700C11
:10EBF000020002061C70C0800080E0780F03000055
:10EC00000000000000000000000000000000000004
:10EC100000000000000000000000000000000000F4
:10EC200000000000000000000000000000000000E4
:10EC300000000000000000000000000000000000D4
:10EC400000000000000000000000000000000000C4
:10EC500000000000000000000000000000000000B4
:10EC600000000000000000000080E0780E010000BD
:10EC700000000080C060301B0E1B71E080000000AF
:10EC80000000000000000000000000000000000084
:10EC90000000000000000000000000000000000074
:10ECA0000000000000000000000000000000000064
:10ECB0000000000000000000000000000000000054
:10ECC0000000000000000000000000000000000044
:10ECD0000000000000000000000000000000000034
:10ECE00000000000000102060E0F211010080804A9
:10ECF00006030100000000000000000003070E0CE6
:10ED00000C0C0808000000000000000000000000DB
:10ED100000000000000000000000000000000000F3
:10ED200000000000000000000000000000000000E3
:10ED300000000000000000000000000000000000D3
:10ED400000000000000000000000000000000000C3
:10ED500000000000000000000000000000000000B3
:10ED60000000000001030507090E10121416181CFC
:10ED70001E809A90418E418F804545454949498E74
:10ED80008F9092924F994F555559999A9B9C9D9E61
:10ED90009F41494F55A5A5A6A7A8A9AAABAC21AEEE
:10EDA000AFB0B1B2B3B4B5B6B7B8B9BABBBCBDBEFB
:10EDB000BFC0C1C2C3C4C5C6C7C8C9CACBCCCDCEEB
:10EDC000CFD0D1D2D3D4D5D6D7D8D9DADBDCDDDEDB
:10EDD000DFE0E1E2E3E4E5E6E7E8E9EAEBECEDEECB
:10EDE000EFF0F1F2F3F4F5F6F7F8F9FAFBFCFDFEBB
:10EDF000FF00C700FC00E900E200E400E000E500DD
:10EE0000E700EA00EB00E800EF00EE00EC00C400D1
:10EE1000C500C900E600C600F400F600F200FB00E1
:10EE2000F900FF00D600DC00A200A300A500A72087
:10EE30009201E100ED00F300FA00F100D100AA0018
:10EE4000BA00BF001023AC00BD00BC00A100AB00A5
:10EE5000BB00912592259325022524256125622555
:10EE6000562555256325512557255D255C255B25B0
:10EE70001025142534252C251C2500253C255E2530
:10EE80005F255A25542569256625602550256C2562
:10EE9000672568256425652559255825522553255C
:10EEA0006B256A2518250C25882584258C25902519
:10EEB0008025B103DF009303C003A303C303B500A0
:10EEC000C403A6039803A903B4031E22C603B50313
:10EED00029226122B1006522642220232123F70028
:10EEE0004822B0001922B7001A227F20B200A025C4
:10EEF000A0006100620063006400650066006700B6
:10EF0000680069006A006B006C006D006E006F00A5
:10EF10007000710072007300740075007600770055
:10EF2000780079007A00A100A200A300A500AC003F
:10EF3000AF00E000E100E200E300E400E500E600ED
:10EF4000E700E800E900EA00EB00EC00ED00EE006D
:10EF5000EF00F000F100F200F300F400F500F6001D
:10EF6000F800F900FA00FB00FC00FD00FE00FF00C5
:10EF7000010103010501070109010B010D010F0149
:10EF8000110113011501170119011B011D011F01B9
:10EF9000210123012501270129012B012D012F0129
:10EFA00031013301350137013A013C013E01400195
:10EFB00042014401460148014B014D014F015101FD
:10EFC00053015501570159015B015D015F01610169
:10EFD00063016501670169016B016D016F017101D9
:10EFE0007301750177017A017C017E019201B10301
:10EFF000B203B303B403B503B603B703B803B9034D
:10F00000BA03BB03BC03BD03BE03BF03C003C103FC
:10F01000C303C403C503C603C703C803C903CA03A4
:10F020003004310432043304340435043604370424
:10F03000380439043A043B043C043D043E043F04D4
:10F040004004410442044304440445044604470484
:10F05000480449044A044B044C044D044E044F0434
:10F0600051045204530454045504560457045804DC
:10F0700059045A045B045C045E045F04702171212E
:10F0800072217321742175217621772178217921CC
:10F090007A217B217C217D217E217F2141FF42FF3E
:10F0A00043FF44FF45FF46FF47FF48FF49FF4AFF34
:10F0B0004BFF4CFF4DFF4EFF4FFF50FF51FF52FFE4
:10F0C00053FF54FF55FF56FF57FF58FF59FF5AFF94
:10F0D0000000410042004300440045004600470054
:10F0E000480049004A004B004C004D004E004F00C4
:10F0F0005000510052005300540055005600570074
:10F10000580059005A002100E0FFE1FFE5FFE2FF4F
:10F11000E3FFC000C100C200C300C400C500C600B8
:10F12000C700C800C900CA00CB00CC00CD00CE008B
:10F13000CF00D000D100D200D300D400D500D6003B
:10F14000D800D900DA00DB00DC00DD00DE00780149
:10F15000000102010401060108010A010C010E016F
:10F16000100112011401160118011A011C011E01DF
:10F17000200122012401260128012A012C012E014F
:10F18000300132013401360139013B013D013F01BB
:10F1900041014301450147014A014C014E01500123
:10F1A00052015401560158015A015C015E0160018F
:10F1B00062016401660168016A016C016E017001FF
:10F1C00072017401760179017B017D019101910346
:10F1D000920393039403950396039703980399036B
:10F1E0009A039B039C039D039E039F03A003A1031B
:10F1F000A303A403A503A603A703A803A903AA03C3
:10F200001004110412041304140415041604170442
:10F21000180419041A041B041C041D041E041F04F2
:10F2200020042104220423042404250426042704A2
:10F23000280429042A042B042C042D042E042F0452
:10F24000010402040304040405040604070408047A
:10F2500009040A040B040C040E040F04602161214C
:10F26000622163216421652166216721682169216A
:10F270006A216B216C216D216E216F2121FF22FFFC
:10F2800023FF24FF25FF26FF27FF28FF29FF2AFF52
:10F290002BFF2CFF2DFF2EFF2FFF30FF31FF32FF02
:10F2A00033FF34FF35FF36FF37FF38FF39FF3AFFB2
:10F2B0000000140000001400E8030000E8030A0046
:10F2C000303A2F70726F6A6563745F6C6F675F327C
:10F2D0003032365F30345F32325F64657669636541
:10F2E0005F6764333266343730766574365F626FD9
:10F2F0006172645F615F6368616E6E656C5F30311F
:10F300005F72756E5F303030315F646174615F725F
:10F3100065636F72645F6C6F6E675F6E616D655F72
:10F3200064656D6F2E7478740046415446535F4C8B
:10F330004F4E475F4E414D455F4F4B0000001F0051
:10F340003B005A0078009700B500D400F30011018B
:10F3500030014E011F1C1F1E1F1E1F1F1E1F1E1FC0
:10F36000CDCCA2423333A142D7A3A6420000A5428E
:10F37000ECD1C9420000C8423D8AD9427B94D742B1
:10F380003333E4420000E2428F42E9427B14E74219
:10F390008FC2F842E17AF642852B044366E60243C7
:10F3A00048E10B438F820A43A470174300001643C1
:10F3B000146E1B4300001A43303132333435363774
:10F3C0003839414243444546000000004641544616
:10F3D00053206C6F6E672D6E616D65206F70656E6A
:10F3E000206661696C65643A2046525F494E564119
:10F3F0004C49445F4E414D452028656E61626C6505
:10F40000204C464E20696E206666636F6E662E68DD
:10F41000290D0A0038F40108000000202402000031
:10F4200090190108C4F40108240200208CBC0000DB
:10F430003A270108EB32FFFF61021740100801AEC6
:10F44000D580A81FD317408D14A1C8DAE8098180A0
:10F45000D91FDB40A4AF26B102161D02140F1DB246
:10F46000F201083C09171C0A19021C0A19031C0A9C
:10F4700019041C0A19051C0A19061C415E3D750178
:10F4800008F4ED762D3301086476CD7A01080A3B45
:10F49000394364518B15DE0C8B75A83C0118191F7C
:10F4A0005301132B803F042D52B8AC4104691D1A3F
:10F4B000E8F541B202697801110C191C4E0E683949
:04F4C000040128001B
:04000005080111AD30
:00000001FF
